,id,label
0,0,dog
1,1,cat
2,2,dog
3,6,dog
4,8,dog
5,12,dog
6,13,cat
7,16,cat
8,18,dog
9,19,dog
10,22,cat
11,25,cat
12,28,dog
13,29,dog
14,32,cat
15,33,dog
16,34,cat
17,35,dog
18,37,dog
19,38,cat
20,39,cat
21,44,cat
22,45,cat
23,47,dog
24,50,dog
25,51,dog
26,52,dog
27,56,dog
28,58,dog
29,63,dog
30,64,cat
31,65,cat
32,68,cat
33,69,dog
34,74,cat
35,77,dog
36,78,dog
37,80,dog
38,85,cat
39,88,cat
40,91,dog
41,94,dog
42,95,dog
43,99,dog
44,100,dog
45,104,dog
46,105,dog
47,106,dog
48,109,dog
49,110,cat
50,111,dog
51,112,dog
52,113,dog
53,115,dog
54,116,dog
55,117,cat
56,118,cat
57,122,dog
58,123,cat
59,124,dog
60,128,dog
61,131,dog
62,132,dog
63,133,dog
64,136,dog
65,137,cat
66,138,cat
67,139,cat
68,141,dog
69,142,dog
70,143,dog
71,145,cat
72,150,dog
73,151,dog
74,153,dog
75,156,cat
76,157,cat
77,158,dog
78,159,dog
79,160,dog
80,162,dog
81,163,cat
82,164,dog
83,166,cat
84,167,cat
85,168,cat
86,169,dog
87,170,dog
88,175,dog
89,182,cat
90,183,dog
91,184,dog
92,187,cat
93,188,cat
94,189,dog
95,196,dog
96,199,dog
97,200,cat
98,202,cat
99,203,cat
100,204,cat
101,206,dog
102,207,dog
103,208,cat
104,214,dog
105,217,cat
106,219,cat
107,221,dog
108,222,dog
109,225,cat
110,226,dog
111,227,dog
112,230,dog
113,231,cat
114,236,dog
115,237,cat
116,241,dog
117,243,dog
118,244,dog
119,245,dog
120,246,dog
121,248,cat
122,251,cat
123,252,dog
124,254,cat
125,255,cat
126,256,dog
127,257,cat
128,259,dog
129,261,dog
130,262,cat
131,263,dog
132,264,dog
133,265,dog
134,267,dog
135,272,dog
136,273,dog
137,278,dog
138,282,dog
139,286,dog
140,288,dog
141,289,cat
142,293,dog
143,295,cat
144,297,cat
145,298,dog
146,300,dog
147,302,cat
148,303,dog
149,306,cat
150,308,cat
151,310,dog
152,311,dog
153,312,cat
154,313,dog
155,314,dog
156,324,cat
157,325,cat
158,326,cat
159,327,dog
160,329,dog
161,330,dog
162,333,dog
163,337,cat
164,338,cat
165,341,dog
166,342,dog
167,345,cat
168,349,dog
169,350,dog
170,352,cat
171,353,dog
172,355,cat
173,357,dog
174,360,dog
175,363,cat
176,364,cat
177,366,dog
178,369,cat
179,370,dog
180,371,cat
181,372,dog
182,373,cat
183,376,dog
184,377,cat
185,380,cat
186,381,dog
187,382,dog
188,384,cat
189,386,dog
190,388,cat
191,392,dog
192,394,dog
193,395,dog
194,398,dog
195,399,dog
196,400,cat
197,401,dog
198,402,dog
199,403,cat
200,406,cat
201,407,cat
202,409,cat
203,410,cat
204,411,cat
205,412,dog
206,413,cat
207,415,dog
208,416,dog
209,418,dog
210,419,dog
211,420,cat
212,421,dog
213,426,dog
214,430,dog
215,434,cat
216,436,dog
217,437,dog
218,438,cat
219,440,dog
220,441,dog
221,442,cat
222,443,cat
223,445,dog
224,446,dog
225,447,dog
226,448,cat
227,449,dog
228,451,dog
229,455,dog
230,458,dog
231,460,cat
232,461,cat
233,462,dog
234,466,cat
235,468,dog
236,469,cat
237,470,cat
238,472,cat
239,473,dog
240,474,dog
241,475,cat
242,476,cat
243,478,dog
244,480,dog
245,481,cat
246,482,dog
247,487,dog
248,489,dog
249,492,dog
250,493,cat
251,494,cat
252,495,dog
253,496,dog
254,497,dog
255,498,cat
256,503,cat
257,505,dog
258,506,cat
259,509,dog
260,511,dog
261,512,dog
262,514,cat
263,515,dog
264,516,dog
265,519,dog
266,521,dog
267,522,dog
268,523,cat
269,524,dog
270,532,cat
271,533,dog
272,534,cat
273,535,dog
274,540,dog
275,543,cat
276,545,dog
277,546,dog
278,547,dog
279,548,cat
280,555,cat
281,557,dog
282,559,cat
283,560,cat
284,561,cat
285,562,cat
286,564,dog
287,567,cat
288,568,dog
289,569,cat
290,572,dog
291,573,cat
292,574,cat
293,577,cat
294,579,dog
295,580,cat
296,581,dog
297,583,dog
298,585,cat
299,587,dog
300,589,cat
301,590,dog
302,592,cat
303,595,cat
304,602,dog
305,604,dog
306,607,dog
307,609,cat
308,611,dog
309,613,dog
310,615,cat
311,617,cat
312,619,cat
313,623,dog
314,629,cat
315,631,cat
316,638,dog
317,639,dog
318,641,dog
319,642,cat
320,643,dog
321,649,cat
322,650,cat
323,651,cat
324,658,cat
325,659,cat
326,660,cat
327,668,dog
328,670,dog
329,671,dog
330,676,dog
331,678,dog
332,679,dog
333,681,cat
334,683,dog
335,686,cat
336,687,dog
337,697,cat
338,701,dog
339,702,dog
340,707,cat
341,711,dog
342,714,cat
343,717,cat
344,718,dog
345,722,dog
346,723,dog
347,725,cat
348,726,cat
349,728,dog
350,729,dog
351,733,dog
352,738,cat
353,742,dog
354,746,dog
355,748,dog
356,749,dog
357,750,cat
358,751,cat
359,753,dog
360,755,dog
361,759,dog
362,760,cat
363,762,dog
364,763,dog
365,764,dog
366,771,dog
367,772,cat
368,775,dog
369,780,dog
370,782,dog
371,783,cat
372,784,dog
373,785,dog
374,786,dog
375,787,dog
376,790,dog
377,791,cat
378,792,cat
379,796,dog
380,797,dog
381,799,cat
382,800,dog
383,801,dog
384,802,cat
385,804,dog
386,807,cat
387,812,dog
388,824,dog
389,825,dog
390,829,dog
391,833,dog
392,835,cat
393,837,dog
394,838,cat
395,839,cat
396,840,dog
397,841,dog
398,843,cat
399,845,dog
400,846,cat
401,847,cat
402,849,cat
403,853,dog
404,854,dog
405,856,dog
406,858,dog
407,860,cat
408,862,dog
409,863,dog
410,864,dog
411,865,dog
412,867,cat
413,870,dog
414,871,cat
415,873,dog
416,874,dog
417,877,dog
418,878,cat
419,880,cat
420,881,dog
421,882,cat
422,883,dog
423,884,dog
424,885,dog
425,887,dog
426,888,cat
427,891,dog
428,894,dog
429,897,dog
430,900,cat
431,901,dog
432,902,dog
433,905,cat
434,906,dog
435,908,cat
436,909,dog
437,912,cat
438,913,cat
439,917,cat
440,918,cat
441,919,dog
442,921,dog
443,922,dog
444,924,cat
445,929,cat
446,930,dog
447,935,dog
448,937,cat
449,938,dog
450,941,dog
451,942,dog
452,944,dog
453,946,cat
454,947,cat
455,948,cat
456,949,cat
457,956,dog
458,958,cat
459,959,dog
460,961,cat
461,962,cat
462,963,cat
463,965,cat
464,967,dog
465,968,dog
466,969,dog
467,972,dog
468,973,dog
469,976,dog
470,980,dog
471,986,cat
472,987,cat
473,988,dog
474,989,cat
475,990,cat
476,993,dog
477,998,dog
478,1000,dog
479,1001,cat
480,1003,dog
481,1004,dog
482,1007,cat
483,1008,cat
484,1009,cat
485,1012,cat
486,1015,cat
487,1016,dog
488,1017,dog
489,1020,dog
490,1021,dog
491,1024,dog
492,1025,dog
493,1026,dog
494,1027,dog
495,1029,dog
496,1032,dog
497,1038,dog
498,1042,cat
499,1044,dog
500,1045,cat
501,1053,cat
502,1055,dog
503,1056,cat
504,1060,dog
505,1062,dog
506,1063,cat
507,1067,cat
508,1068,dog
509,1070,cat
510,1071,dog
511,1081,dog
512,1082,cat
513,1083,cat
514,1084,cat
515,1087,cat
516,1088,dog
517,1089,dog
518,1090,dog
519,1092,dog
520,1094,dog
521,1095,cat
522,1099,cat
523,1102,cat
524,1103,dog
525,1106,dog
526,1108,dog
527,1110,dog
528,1113,dog
529,1114,dog
530,1115,dog
531,1118,dog
532,1121,cat
533,1123,dog
534,1126,dog
535,1127,dog
536,1128,dog
537,1131,dog
538,1134,dog
539,1135,dog
540,1136,dog
541,1137,cat
542,1139,dog
543,1141,dog
544,1144,dog
545,1145,cat
546,1146,dog
547,1147,cat
548,1148,dog
549,1150,dog
550,1151,dog
551,1152,cat
552,1154,dog
553,1159,cat
554,1161,cat
555,1168,dog
556,1170,cat
557,1172,cat
558,1173,cat
559,1178,dog
560,1181,dog
561,1182,dog
562,1186,cat
563,1188,dog
564,1189,dog
565,1190,cat
566,1192,dog
567,1193,dog
568,1194,dog
569,1197,cat
570,1199,dog
571,1200,dog
572,1202,cat
573,1204,dog
574,1206,dog
575,1207,dog
576,1208,cat
577,1211,dog
578,1213,dog
579,1214,cat
580,1218,dog
581,1222,dog
582,1223,cat
583,1225,cat
584,1227,cat
585,1228,dog
586,1234,cat
587,1235,dog
588,1238,dog
589,1240,cat
590,1244,cat
591,1246,dog
592,1249,dog
593,1251,dog
594,1253,cat
595,1254,dog
596,1257,cat
597,1259,cat
598,1260,cat
599,1261,dog
600,1264,dog
601,1266,dog
602,1269,cat
603,1271,dog
604,1272,cat
605,1278,cat
606,1280,cat
607,1282,dog
608,1283,dog
609,1287,cat
610,1289,cat
611,1294,dog
612,1295,cat
613,1297,dog
614,1298,dog
615,1303,cat
616,1307,dog
617,1308,cat
618,1309,dog
619,1310,cat
620,1311,cat
621,1312,dog
622,1314,cat
623,1316,dog
624,1317,dog
625,1320,dog
626,1322,dog
627,1324,dog
628,1326,cat
629,1327,dog
630,1328,dog
631,1329,dog
632,1331,dog
633,1336,dog
634,1338,dog
635,1339,cat
636,1340,cat
637,1343,dog
638,1345,cat
639,1348,dog
640,1349,dog
641,1351,cat
642,1352,dog
643,1355,cat
644,1357,dog
645,1358,dog
646,1360,cat
647,1363,cat
648,1365,dog
649,1366,cat
650,1367,dog
651,1368,cat
652,1369,dog
653,1371,cat
654,1375,dog
655,1376,dog
656,1379,dog
657,1380,cat
658,1382,dog
659,1383,dog
660,1385,cat
661,1387,dog
662,1389,dog
663,1391,dog
664,1392,dog
665,1393,dog
666,1394,cat
667,1396,dog
668,1398,dog
669,1400,dog
670,1401,dog
671,1404,cat
672,1405,cat
673,1406,dog
674,1408,dog
675,1411,dog
676,1414,dog
677,1416,cat
678,1417,dog
679,1418,dog
680,1419,dog
681,1427,dog
682,1428,dog
683,1429,dog
684,1430,cat
685,1437,cat
686,1438,dog
687,1440,cat
688,1442,dog
689,1444,dog
690,1445,dog
691,1446,cat
692,1450,dog
693,1452,dog
694,1453,cat
695,1454,cat
696,1457,dog
697,1459,cat
698,1463,dog
699,1466,cat
700,1467,cat
701,1469,dog
702,1472,cat
703,1473,dog
704,1474,dog
705,1475,cat
706,1478,cat
707,1479,dog
708,1480,dog
709,1481,cat
710,1482,dog
711,1483,cat
712,1484,dog
713,1487,dog
714,1489,dog
715,1490,dog
716,1491,dog
717,1493,cat
718,1494,dog
719,1495,dog
720,1496,dog
721,1497,dog
722,1498,cat
723,1500,cat
724,1503,dog
725,1505,dog
726,1507,cat
727,1508,cat
728,1509,dog
729,1511,dog
730,1513,dog
731,1514,cat
732,1515,cat
733,1516,dog
734,1517,cat
735,1520,cat
736,1521,cat
737,1522,dog
738,1523,cat
739,1524,dog
740,1526,dog
741,1527,dog
742,1528,dog
743,1531,dog
744,1533,cat
745,1534,cat
746,1537,dog
747,1538,dog
748,1539,cat
749,1540,dog
750,1543,dog
751,1548,dog
752,1549,cat
753,1550,cat
754,1553,dog
755,1554,dog
756,1556,cat
757,1557,cat
758,1558,dog
759,1563,dog
760,1564,dog
761,1568,dog
762,1569,cat
763,1570,dog
764,1573,dog
765,1574,dog
766,1575,dog
767,1579,dog
768,1580,dog
769,1581,cat
770,1582,dog
771,1586,dog
772,1589,dog
773,1590,dog
774,1591,dog
775,1592,cat
776,1593,dog
777,1594,dog
778,1595,cat
779,1598,dog
780,1599,dog
781,1602,cat
782,1603,cat
783,1605,dog
784,1608,dog
785,1609,dog
786,1611,dog
787,1613,cat
788,1614,dog
789,1616,dog
790,1619,dog
791,1621,cat
792,1622,cat
793,1624,cat
794,1627,cat
795,1628,dog
796,1635,dog
797,1637,cat
798,1640,cat
799,1641,dog
800,1644,dog
801,1645,dog
802,1647,dog
803,1648,dog
804,1649,cat
805,1651,dog
806,1652,dog
807,1653,cat
808,1654,cat
809,1657,cat
810,1664,dog
811,1665,cat
812,1666,cat
813,1667,dog
814,1668,cat
815,1671,dog
816,1673,dog
817,1674,dog
818,1677,dog
819,1678,dog
820,1679,cat
821,1680,dog
822,1681,cat
823,1682,dog
824,1683,cat
825,1687,cat
826,1688,dog
827,1689,dog
828,1692,dog
829,1693,cat
830,1694,dog
831,1696,dog
832,1697,cat
833,1699,dog
834,1702,cat
835,1704,cat
836,1706,dog
837,1707,dog
838,1708,dog
839,1710,dog
840,1711,cat
841,1712,cat
842,1714,dog
843,1716,dog
844,1717,dog
845,1719,dog
846,1720,cat
847,1721,cat
848,1722,cat
849,1724,dog
850,1725,dog
851,1726,cat
852,1727,cat
853,1730,dog
854,1735,cat
855,1736,dog
856,1737,cat
857,1738,cat
858,1739,dog
859,1741,dog
860,1742,cat
861,1743,dog
862,1746,dog
863,1747,cat
864,1748,dog
865,1751,dog
866,1755,dog
867,1760,cat
868,1761,cat
869,1762,dog
870,1765,dog
871,1766,dog
872,1770,cat
873,1771,cat
874,1774,dog
875,1778,cat
876,1779,dog
877,1781,cat
878,1782,dog
879,1784,cat
880,1785,cat
881,1786,dog
882,1788,dog
883,1789,cat
884,1793,dog
885,1795,cat
886,1796,cat
887,1798,dog
888,1800,dog
889,1808,dog
890,1810,cat
891,1812,cat
892,1813,cat
893,1814,cat
894,1817,dog
895,1818,dog
896,1819,dog
897,1820,dog
898,1822,dog
899,1824,cat
900,1826,cat
901,1829,dog
902,1830,cat
903,1831,dog
904,1838,cat
905,1839,cat
906,1840,dog
907,1842,dog
908,1843,dog
909,1844,cat
910,1845,dog
911,1846,cat
912,1849,dog
913,1852,dog
914,1853,dog
915,1856,cat
916,1857,dog
917,1859,dog
918,1860,cat
919,1861,dog
920,1863,dog
921,1867,dog
922,1868,cat
923,1872,cat
924,1873,cat
925,1876,dog
926,1877,cat
927,1879,cat
928,1881,cat
929,1884,cat
930,1886,dog
931,1887,dog
932,1888,cat
933,1889,cat
934,1890,dog
935,1895,cat
936,1897,dog
937,1898,dog
938,1899,dog
939,1901,dog
940,1908,dog
941,1909,dog
942,1910,dog
943,1911,dog
944,1913,cat
945,1914,cat
946,1915,dog
947,1917,dog
948,1920,cat
949,1921,cat
950,1922,cat
951,1923,cat
952,1926,dog
953,1928,cat
954,1929,dog
955,1930,dog
956,1931,dog
957,1932,cat
958,1933,cat
959,1935,dog
960,1937,cat
961,1940,dog
962,1943,dog
963,1944,cat
964,1945,cat
965,1946,dog
966,1947,dog
967,1948,dog
968,1950,dog
969,1952,cat
970,1959,dog
971,1963,dog
972,1972,cat
973,1973,dog
974,1974,dog
975,1976,dog
976,1978,dog
977,1980,cat
978,1982,cat
979,1986,cat
980,1988,dog
981,1991,dog
982,1992,dog
983,1993,dog
984,1995,dog
985,1996,cat
986,1998,cat
987,2001,cat
988,2002,dog
989,2005,cat
990,2006,cat
991,2008,dog
992,2010,cat
993,2013,dog
994,2015,dog
995,2017,cat
996,2018,cat
997,2019,dog
998,2020,cat
999,2021,cat
1000,2024,cat
1001,2025,dog
1002,2031,dog
1003,2032,cat
1004,2033,dog
1005,2036,cat
1006,2043,dog
1007,2044,dog
1008,2049,cat
1009,2050,dog
1010,2052,cat
1011,2054,dog
1012,2055,dog
1013,2056,dog
1014,2059,dog
1015,2062,cat
1016,2063,cat
1017,2064,cat
1018,2065,dog
1019,2066,dog
1020,2067,dog
1021,2068,dog
1022,2070,dog
1023,2073,cat
1024,2077,cat
1025,2078,dog
1026,2079,cat
1027,2081,dog
1028,2082,cat
1029,2086,dog
1030,2088,cat
1031,2089,dog
1032,2092,dog
1033,2093,dog
1034,2094,dog
1035,2095,cat
1036,2101,dog
1037,2103,dog
1038,2104,cat
1039,2106,dog
1040,2107,dog
1041,2108,cat
1042,2110,dog
1043,2111,cat
1044,2115,dog
1045,2116,dog
1046,2124,dog
1047,2126,dog
1048,2131,cat
1049,2132,dog
1050,2134,dog
1051,2135,dog
1052,2136,dog
1053,2138,dog
1054,2139,cat
1055,2140,dog
1056,2141,dog
1057,2142,dog
1058,2145,dog
1059,2147,cat
1060,2148,dog
1061,2152,cat
1062,2153,cat
1063,2154,cat
1064,2157,cat
1065,2159,cat
1066,2160,dog
1067,2164,dog
1068,2167,cat
1069,2168,cat
1070,2169,cat
1071,2170,dog
1072,2171,dog
1073,2172,dog
1074,2174,dog
1075,2175,dog
1076,2176,dog
1077,2177,dog
1078,2178,dog
1079,2183,dog
1080,2190,dog
1081,2192,dog
1082,2193,dog
1083,2195,dog
1084,2200,dog
1085,2201,cat
1086,2202,cat
1087,2205,cat
1088,2207,dog
1089,2208,cat
1090,2209,dog
1091,2210,dog
1092,2211,dog
1093,2212,cat
1094,2213,cat
1095,2217,dog
1096,2218,cat
1097,2219,dog
1098,2220,cat
1099,2223,dog
1100,2224,cat
1101,2225,dog
1102,2230,dog
1103,2231,dog
1104,2232,dog
1105,2233,dog
1106,2235,dog
1107,2236,cat
1108,2239,cat
1109,2241,dog
1110,2246,cat
1111,2247,cat
1112,2250,dog
1113,2251,cat
1114,2252,dog
1115,2253,cat
1116,2254,cat
1117,2256,cat
1118,2260,cat
1119,2261,dog
1120,2263,dog
1121,2264,dog
1122,2267,dog
1123,2273,cat
1124,2275,cat
1125,2276,dog
1126,2277,dog
1127,2278,dog
1128,2279,dog
1129,2283,dog
1130,2284,cat
1131,2287,dog
1132,2290,dog
1133,2293,dog
1134,2294,dog
1135,2295,dog
1136,2296,dog
1137,2298,cat
1138,2299,cat
1139,2302,cat
1140,2303,cat
1141,2309,dog
1142,2310,dog
1143,2311,cat
1144,2315,dog
1145,2320,dog
1146,2321,cat
1147,2322,cat
1148,2323,dog
1149,2324,dog
1150,2326,dog
1151,2327,dog
1152,2328,dog
1153,2330,dog
1154,2331,dog
1155,2332,dog
1156,2337,cat
1157,2340,cat
1158,2341,dog
1159,2342,cat
1160,2344,cat
1161,2345,cat
1162,2346,cat
1163,2347,dog
1164,2348,cat
1165,2349,dog
1166,2350,dog
1167,2351,cat
1168,2352,cat
1169,2354,dog
1170,2355,cat
1171,2357,dog
1172,2358,dog
1173,2359,dog
1174,2362,cat
1175,2363,dog
1176,2365,dog
1177,2367,cat
1178,2369,cat
1179,2370,dog
1180,2375,dog
1181,2376,cat
1182,2377,dog
1183,2378,dog
1184,2384,dog
1185,2387,cat
1186,2388,cat
1187,2390,dog
1188,2392,cat
1189,2395,dog
1190,2399,cat
1191,2400,dog
1192,2402,dog
1193,2404,dog
1194,2406,cat
1195,2407,cat
1196,2410,cat
1197,2411,dog
1198,2412,dog
1199,2415,dog
1200,2416,dog
1201,2418,cat
1202,2419,dog
1203,2420,cat
1204,2421,dog
1205,2423,cat
1206,2425,cat
1207,2428,cat
1208,2429,cat
1209,2430,cat
1210,2432,cat
1211,2433,cat
1212,2435,dog
1213,2436,cat
1214,2437,dog
1215,2438,dog
1216,2439,cat
1217,2440,cat
1218,2441,dog
1219,2442,dog
1220,2446,dog
1221,2450,dog
1222,2451,dog
1223,2453,dog
1224,2463,dog
1225,2464,cat
1226,2468,cat
1227,2469,dog
1228,2471,dog
1229,2472,dog
1230,2473,dog
1231,2475,dog
1232,2478,dog
1233,2480,dog
1234,2481,dog
1235,2482,cat
1236,2484,dog
1237,2486,cat
1238,2487,dog
1239,2488,dog
1240,2489,dog
1241,2490,cat
1242,2491,cat
1243,2492,dog
1244,2493,dog
1245,2494,cat
1246,2496,cat
1247,2497,dog
1248,2500,dog
1249,2501,dog
1250,2504,dog
1251,2505,cat
1252,2508,dog
1253,2511,cat
1254,2514,dog
1255,2515,dog
1256,2517,cat
1257,2519,cat
1258,2520,cat
1259,2521,dog
1260,2523,dog
1261,2524,dog
1262,2527,dog
1263,2528,cat
1264,2532,cat
1265,2533,dog
1266,2535,dog
1267,2536,dog
1268,2537,cat
1269,2539,dog
1270,2540,dog
1271,2545,cat
1272,2546,dog
1273,2547,cat
1274,2552,cat
1275,2556,dog
1276,2557,dog
1277,2560,cat
1278,2561,cat
1279,2563,dog
1280,2564,cat
1281,2565,cat
1282,2568,dog
1283,2569,cat
1284,2572,cat
1285,2573,cat
1286,2576,dog
1287,2578,cat
1288,2579,dog
1289,2581,cat
1290,2582,dog
1291,2584,cat
1292,2586,cat
1293,2587,cat
1294,2588,cat
1295,2590,cat
1296,2593,dog
1297,2598,dog
1298,2601,cat
1299,2602,cat
1300,2605,cat
1301,2606,dog
1302,2607,dog
1303,2608,dog
1304,2611,dog
1305,2612,dog
1306,2613,dog
1307,2615,dog
1308,2617,dog
1309,2619,dog
1310,2622,cat
1311,2623,cat
1312,2627,cat
1313,2629,dog
1314,2630,dog
1315,2636,cat
1316,2637,cat
1317,2639,cat
1318,2641,dog
1319,2642,dog
1320,2645,cat
1321,2646,cat
1322,2650,cat
1323,2652,dog
1324,2654,dog
1325,2656,dog
1326,2657,cat
1327,2662,dog
1328,2663,dog
1329,2665,dog
1330,2667,dog
1331,2668,cat
1332,2670,dog
1333,2671,dog
1334,2672,dog
1335,2673,cat
1336,2674,dog
1337,2675,dog
1338,2676,dog
1339,2678,dog
1340,2679,dog
1341,2681,dog
1342,2683,dog
1343,2684,cat
1344,2686,dog
1345,2687,cat
1346,2691,dog
1347,2692,cat
1348,2693,dog
1349,2694,dog
1350,2695,cat
1351,2696,dog
1352,2699,dog
1353,2700,dog
1354,2701,dog
1355,2702,dog
1356,2703,cat
1357,2704,dog
1358,2711,dog
1359,2712,dog
1360,2713,dog
1361,2715,dog
1362,2719,cat
1363,2720,cat
1364,2724,dog
1365,2727,cat
1366,2728,dog
1367,2729,dog
1368,2730,dog
1369,2732,dog
1370,2734,dog
1371,2736,dog
1372,2737,dog
1373,2739,dog
1374,2741,cat
1375,2742,cat
1376,2743,dog
1377,2745,cat
1378,2746,dog
1379,2749,dog
1380,2751,dog
1381,2754,cat
1382,2755,dog
1383,2759,dog
1384,2762,dog
1385,2763,cat
1386,2765,cat
1387,2766,dog
1388,2767,cat
1389,2768,cat
1390,2771,cat
1391,2772,cat
1392,2778,dog
1393,2781,dog
1394,2782,dog
1395,2784,dog
1396,2785,dog
1397,2786,cat
1398,2787,dog
1399,2789,dog
1400,2791,dog
1401,2792,dog
1402,2796,cat
1403,2798,dog
1404,2800,cat
1405,2801,dog
1406,2806,dog
1407,2807,cat
1408,2809,dog
1409,2810,dog
1410,2811,dog
1411,2812,cat
1412,2813,dog
1413,2816,dog
1414,2818,dog
1415,2819,dog
1416,2822,dog
1417,2824,cat
1418,2825,dog
1419,2826,dog
1420,2827,dog
1421,2832,dog
1422,2833,dog
1423,2839,dog
1424,2840,cat
1425,2841,dog
1426,2843,cat
1427,2845,dog
1428,2846,dog
1429,2847,dog
1430,2853,dog
1431,2857,dog
1432,2858,cat
1433,2859,cat
1434,2863,cat
1435,2865,dog
1436,2867,dog
1437,2875,cat
1438,2876,dog
1439,2877,dog
1440,2879,dog
1441,2881,dog
1442,2882,cat
1443,2883,cat
1444,2884,cat
1445,2885,dog
1446,2888,dog
1447,2889,cat
1448,2895,dog
1449,2898,cat
1450,2899,dog
1451,2901,dog
1452,2902,dog
1453,2903,dog
1454,2904,cat
1455,2905,dog
1456,2907,dog
1457,2909,dog
1458,2911,dog
1459,2912,cat
1460,2914,cat
1461,2915,dog
1462,2916,cat
1463,2917,cat
1464,2919,dog
1465,2924,dog
1466,2925,dog
1467,2926,dog
1468,2928,cat
1469,2933,cat
1470,2936,dog
1471,2937,dog
1472,2939,cat
1473,2941,dog
1474,2943,dog
1475,2944,cat
1476,2947,dog
1477,2949,cat
1478,2950,cat
1479,2951,dog
1480,2953,dog
1481,2956,dog
1482,2958,cat
1483,2966,dog
1484,2972,cat
1485,2973,cat
1486,2974,dog
1487,2975,dog
1488,2976,cat
1489,2981,cat
1490,2982,dog
1491,2983,dog
1492,2985,dog
1493,2988,dog
1494,2991,dog
1495,2993,dog
1496,2994,cat
1497,2995,cat
1498,2996,dog
1499,2997,cat
1500,3000,dog
1501,3001,dog
1502,3003,dog
1503,3004,dog
1504,3005,dog
1505,3006,dog
1506,3007,cat
1507,3008,cat
1508,3014,dog
1509,3015,dog
1510,3017,dog
1511,3018,cat
1512,3020,dog
1513,3021,dog
1514,3023,dog
1515,3024,dog
1516,3032,dog
1517,3033,dog
1518,3040,cat
1519,3041,dog
1520,3043,dog
1521,3046,cat
1522,3047,dog
1523,3048,dog
1524,3052,cat
1525,3056,dog
1526,3057,cat
1527,3058,dog
1528,3060,cat
1529,3062,dog
1530,3063,dog
1531,3064,cat
1532,3065,cat
1533,3066,dog
1534,3068,dog
1535,3069,dog
1536,3070,cat
1537,3072,cat
1538,3073,dog
1539,3074,cat
1540,3076,dog
1541,3077,cat
1542,3080,cat
1543,3082,dog
1544,3083,cat
1545,3084,dog
1546,3085,dog
1547,3086,dog
1548,3087,dog
1549,3090,dog
1550,3092,dog
1551,3100,cat
1552,3103,dog
1553,3105,dog
1554,3106,dog
1555,3107,dog
1556,3108,dog
1557,3112,dog
1558,3115,cat
1559,3116,dog
1560,3119,dog
1561,3120,cat
1562,3122,cat
1563,3123,dog
1564,3124,cat
1565,3133,dog
1566,3134,dog
1567,3136,cat
1568,3137,dog
1569,3144,dog
1570,3145,dog
1571,3147,cat
1572,3149,cat
1573,3150,dog
1574,3151,cat
1575,3153,dog
1576,3154,dog
1577,3155,dog
1578,3158,dog
1579,3160,dog
1580,3161,dog
1581,3165,dog
1582,3167,cat
1583,3168,cat
1584,3169,dog
1585,3171,dog
1586,3174,cat
1587,3175,cat
1588,3176,dog
1589,3177,dog
1590,3181,dog
1591,3183,dog
1592,3185,cat
1593,3187,dog
1594,3189,cat
1595,3190,dog
1596,3192,dog
1597,3194,dog
1598,3197,cat
1599,3198,cat
1600,3199,cat
1601,3200,cat
1602,3202,dog
1603,3205,dog
1604,3206,cat
1605,3207,dog
1606,3208,cat
1607,3209,dog
1608,3212,cat
1609,3216,cat
1610,3220,cat
1611,3224,dog
1612,3225,dog
1613,3227,cat
1614,3229,cat
1615,3232,dog
1616,3234,cat
1617,3238,cat
1618,3240,cat
1619,3245,dog
1620,3246,dog
1621,3247,dog
1622,3248,dog
1623,3249,dog
1624,3250,dog
1625,3251,dog
1626,3252,dog
1627,3253,dog
1628,3254,dog
1629,3255,cat
1630,3258,cat
1631,3259,dog
1632,3261,dog
1633,3264,cat
1634,3266,dog
1635,3267,dog
1636,3268,dog
1637,3271,cat
1638,3272,cat
1639,3275,dog
1640,3276,dog
1641,3277,dog
1642,3278,dog
1643,3280,dog
1644,3281,dog
1645,3282,cat
1646,3285,cat
1647,3286,cat
1648,3289,dog
1649,3290,dog
1650,3292,dog
1651,3295,cat
1652,3297,cat
1653,3299,dog
1654,3302,dog
1655,3305,cat
1656,3307,dog
1657,3308,dog
1658,3309,cat
1659,3316,cat
1660,3319,dog
1661,3320,dog
1662,3323,cat
1663,3324,dog
1664,3325,dog
1665,3331,dog
1666,3332,dog
1667,3333,cat
1668,3334,cat
1669,3336,dog
1670,3337,cat
1671,3338,dog
1672,3339,dog
1673,3340,dog
1674,3341,dog
1675,3342,cat
1676,3344,dog
1677,3345,cat
1678,3346,dog
1679,3347,cat
1680,3350,dog
1681,3352,cat
1682,3353,dog
1683,3355,dog
1684,3356,dog
1685,3357,cat
1686,3358,cat
1687,3359,cat
1688,3364,dog
1689,3366,dog
1690,3367,dog
1691,3370,cat
1692,3372,cat
1693,3375,dog
1694,3377,dog
1695,3380,dog
1696,3381,dog
1697,3386,dog
1698,3389,dog
1699,3392,dog
1700,3393,cat
1701,3394,cat
1702,3395,cat
1703,3399,dog
1704,3403,cat
1705,3407,dog
1706,3408,dog
1707,3409,dog
1708,3412,dog
1709,3413,cat
1710,3415,dog
1711,3416,cat
1712,3417,cat
1713,3418,dog
1714,3419,dog
1715,3420,dog
1716,3421,cat
1717,3422,cat
1718,3424,dog
1719,3428,cat
1720,3430,dog
1721,3434,cat
1722,3435,dog
1723,3437,dog
1724,3438,cat
1725,3441,cat
1726,3444,dog
1727,3445,dog
1728,3447,cat
1729,3450,dog
1730,3454,cat
1731,3455,dog
1732,3458,dog
1733,3462,cat
1734,3466,cat
1735,3467,cat
1736,3468,cat
1737,3470,cat
1738,3476,dog
1739,3479,dog
1740,3480,dog
1741,3482,cat
1742,3484,dog
1743,3487,dog
1744,3488,dog
1745,3490,cat
1746,3491,cat
1747,3496,dog
1748,3499,dog
1749,3500,dog
1750,3501,cat
1751,3502,dog
1752,3504,cat
1753,3506,cat
1754,3509,dog
1755,3511,cat
1756,3515,dog
1757,3518,cat
1758,3519,cat
1759,3520,dog
1760,3521,cat
1761,3527,cat
1762,3529,dog
1763,3530,cat
1764,3531,dog
1765,3532,dog
1766,3533,cat
1767,3535,cat
1768,3536,cat
1769,3538,dog
1770,3541,dog
1771,3542,dog
1772,3543,dog
1773,3544,dog
1774,3547,cat
1775,3548,cat
1776,3551,dog
1777,3554,dog
1778,3555,dog
1779,3556,dog
1780,3558,cat
1781,3559,cat
1782,3564,dog
1783,3565,cat
1784,3567,dog
1785,3570,dog
1786,3571,dog
1787,3572,dog
1788,3576,cat
1789,3579,dog
1790,3580,dog
1791,3582,dog
1792,3583,dog
1793,3587,dog
1794,3591,dog
1795,3593,cat
1796,3595,cat
1797,3596,cat
1798,3597,cat
1799,3599,dog
1800,3602,cat
1801,3603,cat
1802,3606,dog
1803,3607,dog
1804,3608,dog
1805,3612,dog
1806,3615,dog
1807,3619,cat
1808,3620,dog
1809,3621,cat
1810,3624,cat
1811,3625,dog
1812,3626,dog
1813,3628,dog
1814,3633,dog
1815,3634,cat
1816,3636,cat
1817,3637,cat
1818,3641,cat
1819,3643,dog
1820,3644,cat
1821,3645,dog
1822,3648,dog
1823,3649,dog
1824,3650,dog
1825,3651,dog
1826,3652,dog
1827,3653,cat
1828,3654,cat
1829,3655,cat
1830,3657,dog
1831,3661,cat
1832,3662,dog
1833,3663,cat
1834,3664,dog
1835,3666,cat
1836,3667,dog
1837,3669,dog
1838,3670,dog
1839,3672,dog
1840,3673,dog
1841,3676,dog
1842,3678,cat
1843,3679,cat
1844,3680,dog
1845,3681,cat
1846,3682,dog
1847,3684,dog
1848,3688,cat
1849,3691,dog
1850,3692,cat
1851,3696,dog
1852,3698,cat
1853,3699,dog
1854,3701,cat
1855,3704,dog
1856,3705,dog
1857,3710,dog
1858,3713,cat
1859,3714,cat
1860,3715,dog
1861,3716,cat
1862,3718,dog
1863,3719,dog
1864,3720,dog
1865,3722,cat
1866,3723,dog
1867,3725,cat
1868,3726,cat
1869,3729,dog
1870,3730,dog
1871,3731,dog
1872,3732,dog
1873,3734,dog
1874,3736,cat
1875,3738,cat
1876,3739,cat
1877,3742,dog
1878,3746,dog
1879,3747,dog
1880,3752,dog
1881,3755,dog
1882,3756,dog
1883,3757,dog
1884,3758,cat
1885,3761,dog
1886,3762,dog
1887,3764,cat
1888,3769,dog
1889,3771,dog
1890,3776,dog
1891,3778,dog
1892,3779,dog
1893,3780,dog
1894,3782,dog
1895,3784,cat
1896,3785,dog
1897,3788,dog
1898,3789,cat
1899,3790,dog
1900,3791,dog
1901,3798,dog
1902,3799,cat
1903,3803,cat
1904,3804,dog
1905,3807,cat
1906,3808,cat
1907,3809,cat
1908,3810,cat
1909,3811,dog
1910,3813,dog
1911,3814,cat
1912,3815,dog
1913,3816,dog
1914,3817,dog
1915,3818,dog
1916,3819,dog
1917,3822,dog
1918,3824,dog
1919,3830,dog
1920,3831,cat
1921,3832,dog
1922,3836,cat
1923,3837,cat
1924,3839,dog
1925,3840,cat
1926,3841,dog
1927,3845,cat
1928,3846,cat
1929,3847,dog
1930,3850,dog
1931,3852,dog
1932,3853,cat
1933,3857,cat
1934,3861,cat
1935,3862,dog
1936,3864,dog
1937,3865,dog
1938,3866,cat
1939,3868,dog
1940,3869,dog
1941,3871,dog
1942,3875,dog
1943,3876,cat
1944,3878,dog
1945,3879,dog
1946,3880,dog
1947,3882,dog
1948,3883,cat
1949,3884,cat
1950,3892,dog
1951,3899,cat
1952,3901,dog
1953,3904,dog
1954,3906,dog
1955,3909,dog
1956,3910,cat
1957,3911,cat
1958,3914,dog
1959,3915,dog
1960,3916,dog
1961,3917,dog
1962,3918,dog
1963,3919,dog
1964,3922,cat
1965,3923,cat
1966,3924,cat
1967,3925,cat
1968,3926,dog
1969,3927,dog
1970,3930,dog
1971,3931,cat
1972,3934,cat
1973,3937,cat
1974,3938,dog
1975,3940,dog
1976,3942,dog
1977,3945,dog
1978,3947,dog
1979,3951,dog
1980,3952,dog
1981,3954,cat
1982,3956,cat
1983,3957,dog
1984,3958,dog
1985,3960,cat
1986,3961,cat
1987,3963,dog
1988,3965,dog
1989,3966,dog
1990,3968,dog
1991,3973,cat
1992,3976,dog
1993,3977,cat
1994,3978,dog
1995,3979,dog
1996,3980,dog
1997,3985,cat
1998,3987,cat
1999,3988,dog
2000,3989,cat
2001,3990,cat
2002,3992,dog
2003,3998,dog
2004,4001,dog
2005,4002,dog
2006,4003,dog
2007,4004,cat
2008,4005,dog
2009,4006,dog
2010,4007,cat
2011,4011,cat
2012,4012,dog
2013,4013,cat
2014,4016,cat
2015,4017,dog
2016,4022,cat
2017,4025,cat
2018,4026,dog
2019,4027,cat
2020,4028,dog
2021,4031,cat
2022,4032,cat
2023,4034,cat
2024,4035,dog
2025,4039,cat
2026,4040,dog
2027,4041,cat
2028,4042,dog
2029,4045,cat
2030,4047,dog
2031,4048,dog
2032,4049,dog
2033,4050,dog
2034,4051,dog
2035,4052,dog
2036,4053,dog
2037,4057,dog
2038,4058,cat
2039,4060,dog
2040,4061,dog
2041,4063,dog
2042,4064,dog
2043,4068,dog
2044,4070,cat
2045,4071,dog
2046,4073,dog
2047,4074,dog
2048,4075,cat
2049,4078,cat
2050,4084,dog
2051,4086,dog
2052,4087,dog
2053,4091,cat
2054,4092,cat
2055,4093,dog
2056,4095,cat
2057,4096,cat
2058,4097,dog
2059,4098,dog
2060,4099,dog
2061,4100,cat
2062,4101,dog
2063,4103,cat
2064,4107,cat
2065,4109,dog
2066,4111,cat
2067,4115,dog
2068,4118,dog
2069,4119,dog
2070,4121,cat
2071,4123,cat
2072,4124,dog
2073,4125,dog
2074,4127,dog
2075,4128,dog
2076,4129,cat
2077,4130,dog
2078,4136,dog
2079,4138,dog
2080,4139,dog
2081,4141,dog
2082,4145,dog
2083,4146,dog
2084,4149,dog
2085,4150,dog
2086,4151,dog
2087,4152,dog
2088,4153,dog
2089,4154,dog
2090,4155,dog
2091,4158,cat
2092,4160,dog
2093,4161,dog
2094,4162,dog
2095,4163,dog
2096,4164,dog
2097,4170,dog
2098,4173,dog
2099,4174,cat
2100,4175,dog
2101,4176,dog
2102,4177,dog
2103,4182,dog
2104,4185,dog
2105,4186,cat
2106,4188,dog
2107,4189,cat
2108,4190,dog
2109,4191,cat
2110,4192,dog
2111,4193,cat
2112,4197,dog
2113,4202,cat
2114,4203,cat
2115,4206,dog
2116,4213,dog
2117,4215,dog
2118,4216,dog
2119,4217,cat
2120,4218,dog
2121,4220,dog
2122,4221,dog
2123,4223,dog
2124,4226,dog
2125,4230,cat
2126,4232,cat
2127,4233,dog
2128,4234,dog
2129,4235,dog
2130,4238,dog
2131,4243,dog
2132,4244,dog
2133,4247,dog
2134,4249,dog
2135,4250,dog
2136,4251,cat
2137,4252,cat
2138,4255,cat
2139,4260,dog
2140,4263,dog
2141,4267,dog
2142,4269,cat
2143,4270,cat
2144,4271,cat
2145,4274,dog
2146,4276,dog
2147,4280,dog
2148,4286,dog
2149,4287,dog
2150,4292,cat
2151,4296,dog
2152,4297,dog
2153,4298,cat
2154,4299,dog
2155,4300,dog
2156,4301,dog
2157,4302,dog
2158,4303,dog
2159,4305,dog
2160,4306,cat
2161,4308,dog
2162,4313,cat
2163,4315,cat
2164,4317,dog
2165,4319,dog
2166,4320,dog
2167,4321,dog
2168,4322,cat
2169,4324,dog
2170,4328,cat
2171,4330,cat
2172,4333,cat
2173,4334,dog
2174,4335,dog
2175,4337,cat
2176,4339,cat
2177,4341,dog
2178,4342,dog
2179,4343,cat
2180,4345,cat
2181,4346,dog
2182,4347,dog
2183,4349,cat
2184,4350,dog
2185,4352,dog
2186,4354,dog
2187,4358,cat
2188,4361,dog
2189,4363,cat
2190,4364,dog
2191,4365,dog
2192,4366,dog
2193,4367,dog
2194,4369,dog
2195,4371,cat
2196,4372,cat
2197,4373,cat
2198,4374,dog
2199,4377,cat
2200,4382,dog
2201,4383,cat
2202,4385,cat
2203,4386,cat
2204,4388,dog
2205,4389,cat
2206,4390,dog
2207,4394,dog
2208,4397,dog
2209,4401,cat
2210,4405,cat
2211,4410,dog
2212,4412,cat
2213,4414,dog
2214,4426,cat
2215,4427,dog
2216,4429,dog
2217,4430,dog
2218,4434,dog
2219,4435,cat
2220,4436,cat
2221,4437,dog
2222,4438,cat
2223,4439,cat
2224,4440,dog
2225,4441,cat
2226,4443,dog
2227,4444,dog
2228,4449,dog
2229,4450,dog
2230,4454,dog
2231,4456,cat
2232,4458,dog
2233,4459,dog
2234,4461,dog
2235,4464,cat
2236,4465,cat
2237,4468,cat
2238,4470,cat
2239,4472,cat
2240,4473,cat
2241,4475,dog
2242,4476,dog
2243,4477,cat
2244,4478,cat
2245,4481,dog
2246,4482,dog
2247,4483,cat
2248,4484,dog
2249,4489,cat
2250,4491,cat
2251,4492,dog
2252,4495,dog
2253,4498,dog
2254,4502,cat
2255,4504,cat
2256,4505,dog
2257,4510,dog
2258,4512,dog
2259,4516,dog
2260,4519,dog
2261,4521,dog
2262,4523,dog
2263,4527,cat
2264,4531,dog
2265,4532,dog
2266,4533,dog
2267,4536,cat
2268,4537,dog
2269,4538,cat
2270,4539,dog
2271,4540,dog
2272,4546,dog
2273,4551,cat
2274,4555,dog
2275,4557,dog
2276,4558,dog
2277,4559,dog
2278,4561,dog
2279,4563,cat
2280,4572,dog
2281,4575,dog
2282,4577,cat
2283,4580,dog
2284,4581,cat
2285,4583,dog
2286,4585,dog
2287,4586,cat
2288,4588,dog
2289,4589,cat
2290,4590,dog
2291,4591,cat
2292,4592,cat
2293,4594,dog
2294,4595,dog
2295,4596,dog
2296,4600,dog
2297,4602,cat
2298,4603,dog
2299,4604,dog
2300,4606,dog
2301,4607,cat
2302,4608,dog
2303,4610,dog
2304,4612,cat
2305,4613,dog
2306,4616,dog
2307,4618,dog
2308,4620,cat
2309,4621,cat
2310,4622,dog
2311,4623,cat
2312,4625,dog
2313,4627,cat
2314,4631,cat
2315,4632,dog
2316,4634,dog
2317,4636,cat
2318,4637,dog
2319,4638,dog
2320,4639,dog
2321,4640,cat
2322,4644,dog
2323,4646,dog
2324,4651,cat
2325,4652,dog
2326,4653,cat
2327,4654,dog
2328,4656,cat
2329,4660,cat
2330,4661,dog
2331,4662,dog
2332,4663,cat
2333,4672,dog
2334,4673,dog
2335,4674,dog
2336,4675,dog
2337,4682,dog
2338,4683,dog
2339,4684,cat
2340,4685,cat
2341,4686,cat
2342,4690,dog
2343,4694,cat
2344,4695,dog
2345,4696,dog
2346,4698,dog
2347,4699,cat
2348,4700,cat
2349,4701,cat
2350,4702,dog
2351,4703,cat
2352,4707,cat
2353,4708,cat
2354,4710,dog
2355,4712,dog
2356,4713,dog
2357,4714,dog
2358,4717,cat
2359,4719,dog
2360,4720,dog
2361,4721,dog
2362,4724,dog
2363,4726,dog
2364,4727,dog
2365,4728,cat
2366,4732,dog
2367,4733,dog
2368,4734,cat
2369,4738,dog
2370,4743,dog
2371,4748,dog
2372,4750,dog
2373,4752,dog
2374,4754,dog
2375,4755,cat
2376,4759,cat
2377,4760,cat
2378,4762,cat
2379,4763,dog
2380,4764,cat
2381,4767,dog
2382,4768,dog
2383,4773,dog
2384,4774,dog
2385,4777,cat
2386,4778,cat
2387,4780,dog
2388,4782,cat
2389,4783,cat
2390,4784,dog
2391,4786,dog
2392,4787,dog
2393,4790,dog
2394,4792,dog
2395,4794,cat
2396,4795,cat
2397,4796,cat
2398,4798,cat
2399,4803,dog
2400,4804,cat
2401,4807,dog
2402,4808,dog
2403,4813,dog
2404,4814,dog
2405,4815,cat
2406,4816,cat
2407,4817,dog
2408,4818,cat
2409,4821,cat
2410,4824,dog
2411,4825,cat
2412,4826,dog
2413,4827,dog
2414,4828,dog
2415,4830,cat
2416,4831,cat
2417,4832,dog
2418,4836,dog
2419,4838,dog
2420,4841,dog
2421,4842,dog
2422,4847,cat
2423,4849,cat
2424,4850,dog
2425,4851,dog
2426,4855,cat
2427,4856,dog
2428,4858,dog
2429,4859,dog
2430,4863,cat
2431,4865,cat
2432,4868,dog
2433,4869,dog
2434,4870,dog
2435,4872,cat
2436,4873,cat
2437,4875,dog
2438,4883,cat
2439,4884,cat
2440,4885,dog
2441,4889,dog
2442,4894,dog
2443,4895,dog
2444,4899,cat
2445,4900,dog
2446,4901,dog
2447,4905,dog
2448,4908,cat
2449,4909,cat
2450,4916,cat
2451,4917,dog
2452,4920,dog
2453,4921,cat
2454,4922,dog
2455,4923,cat
2456,4924,cat
2457,4925,cat
2458,4927,dog
2459,4932,dog
2460,4934,cat
2461,4936,dog
2462,4937,dog
2463,4938,dog
2464,4942,cat
2465,4943,dog
2466,4945,dog
2467,4946,dog
2468,4947,cat
2469,4949,dog
2470,4951,cat
2471,4952,dog
2472,4953,dog
2473,4954,cat
2474,4955,dog
2475,4956,cat
2476,4958,cat
2477,4959,dog
2478,4960,dog
2479,4962,dog
2480,4963,cat
2481,4964,cat
2482,4965,cat
2483,4966,dog
2484,4971,cat
2485,4974,dog
2486,4976,cat
2487,4977,cat
2488,4979,dog
2489,4980,dog
2490,4981,dog
2491,4982,dog
2492,4983,cat
2493,4985,cat
2494,4987,dog
2495,4989,dog
2496,4990,dog
2497,4992,cat
2498,4997,cat
2499,4999,dog
2500,5003,cat
2501,5007,cat
2502,5008,cat
2503,5011,dog
2504,5013,dog
2505,5014,dog
2506,5015,dog
2507,5016,cat
2508,5017,dog
2509,5019,cat
2510,5020,dog
2511,5022,dog
2512,5023,cat
2513,5025,dog
2514,5029,cat
2515,5031,dog
2516,5034,dog
2517,5036,cat
2518,5037,dog
2519,5038,dog
2520,5040,dog
2521,5041,dog
2522,5042,dog
2523,5043,cat
2524,5045,cat
2525,5046,dog
2526,5051,dog
2527,5053,dog
2528,5054,cat
2529,5055,cat
2530,5056,dog
2531,5057,dog
2532,5059,cat
2533,5062,dog
2534,5064,cat
2535,5065,cat
2536,5066,dog
2537,5067,dog
2538,5068,cat
2539,5069,dog
2540,5071,dog
2541,5072,dog
2542,5073,dog
2543,5076,dog
2544,5078,dog
2545,5079,dog
2546,5080,dog
2547,5081,cat
2548,5084,cat
2549,5085,dog
2550,5087,cat
2551,5088,dog
2552,5089,dog
2553,5090,dog
2554,5092,dog
2555,5093,dog
2556,5095,dog
2557,5096,dog
2558,5097,cat
2559,5099,dog
2560,5102,cat
2561,5105,cat
2562,5107,dog
2563,5108,dog
2564,5109,cat
2565,5110,cat
2566,5111,dog
2567,5115,dog
2568,5117,cat
2569,5120,dog
2570,5122,dog
2571,5124,cat
2572,5125,dog
2573,5127,dog
2574,5128,cat
2575,5131,cat
2576,5133,dog
2577,5134,dog
2578,5136,dog
2579,5141,dog
2580,5145,cat
2581,5146,cat
2582,5147,dog
2583,5150,dog
2584,5151,dog
2585,5154,cat
2586,5157,cat
2587,5158,dog
2588,5159,dog
2589,5160,dog
2590,5161,dog
2591,5162,dog
2592,5167,dog
2593,5168,dog
2594,5171,dog
2595,5175,dog
2596,5178,cat
2597,5179,cat
2598,5181,dog
2599,5183,dog
2600,5184,dog
2601,5186,dog
2602,5187,cat
2603,5189,cat
2604,5191,cat
2605,5193,dog
2606,5195,dog
2607,5197,cat
2608,5198,dog
2609,5201,dog
2610,5203,cat
2611,5206,cat
2612,5209,dog
2613,5212,cat
2614,5216,cat
2615,5219,dog
2616,5220,dog
2617,5226,dog
2618,5228,cat
2619,5233,dog
2620,5234,cat
2621,5235,cat
2622,5238,dog
2623,5242,cat
2624,5244,dog
2625,5245,cat
2626,5246,dog
2627,5248,cat
2628,5251,cat
2629,5253,dog
2630,5254,dog
2631,5257,cat
2632,5258,dog
2633,5259,cat
2634,5262,dog
2635,5263,dog
2636,5265,cat
2637,5270,dog
2638,5271,dog
2639,5272,dog
2640,5274,dog
2641,5275,cat
2642,5276,cat
2643,5280,cat
2644,5281,cat
2645,5282,dog
2646,5283,dog
2647,5284,dog
2648,5285,cat
2649,5286,cat
2650,5289,dog
2651,5292,dog
2652,5294,dog
2653,5295,dog
2654,5306,dog
2655,5307,dog
2656,5308,dog
2657,5309,dog
2658,5315,dog
2659,5316,dog
2660,5318,cat
2661,5320,dog
2662,5321,dog
2663,5323,dog
2664,5324,dog
2665,5325,dog
2666,5329,dog
2667,5330,dog
2668,5332,dog
2669,5334,cat
2670,5335,cat
2671,5337,cat
2672,5339,dog
2673,5343,cat
2674,5344,cat
2675,5346,dog
2676,5347,dog
2677,5348,dog
2678,5349,dog
2679,5351,cat
2680,5353,dog
2681,5355,cat
2682,5358,dog
2683,5364,dog
2684,5367,dog
2685,5368,dog
2686,5369,dog
2687,5370,cat
2688,5371,cat
2689,5372,dog
2690,5374,cat
2691,5375,cat
2692,5376,dog
2693,5377,cat
2694,5379,dog
2695,5380,cat
2696,5381,dog
2697,5384,dog
2698,5385,cat
2699,5388,dog
2700,5390,dog
2701,5392,dog
2702,5395,cat
2703,5396,dog
2704,5400,cat
2705,5406,dog
2706,5409,dog
2707,5410,dog
2708,5411,cat
2709,5413,cat
2710,5416,dog
2711,5421,dog
2712,5422,dog
2713,5423,dog
2714,5424,dog
2715,5425,dog
2716,5426,dog
2717,5427,dog
2718,5428,cat
2719,5430,dog
2720,5432,dog
2721,5433,dog
2722,5435,cat
2723,5436,dog
2724,5437,dog
2725,5439,dog
2726,5441,cat
2727,5443,dog
2728,5446,dog
2729,5449,cat
2730,5452,cat
2731,5453,cat
2732,5455,dog
2733,5459,dog
2734,5461,dog
2735,5462,dog
2736,5463,dog
2737,5467,dog
2738,5468,dog
2739,5469,dog
2740,5470,cat
2741,5474,dog
2742,5475,dog
2743,5476,cat
2744,5479,dog
2745,5480,dog
2746,5481,dog
2747,5483,dog
2748,5484,cat
2749,5490,cat
2750,5493,dog
2751,5494,dog
2752,5497,dog
2753,5499,dog
2754,5500,cat
2755,5502,dog
2756,5503,cat
2757,5504,cat
2758,5505,cat
2759,5508,dog
2760,5510,cat
2761,5513,cat
2762,5514,dog
2763,5518,dog
2764,5519,dog
2765,5521,cat
2766,5523,dog
2767,5524,dog
2768,5525,dog
2769,5526,dog
2770,5527,dog
2771,5529,cat
2772,5531,dog
2773,5533,cat
2774,5534,dog
2775,5535,dog
2776,5536,dog
2777,5538,dog
2778,5542,dog
2779,5543,dog
2780,5544,dog
2781,5545,cat
2782,5546,dog
2783,5553,dog
2784,5554,cat
2785,5558,dog
2786,5559,dog
2787,5561,dog
2788,5562,dog
2789,5563,cat
2790,5565,cat
2791,5566,cat
2792,5567,dog
2793,5568,dog
2794,5569,cat
2795,5570,cat
2796,5571,dog
2797,5572,dog
2798,5573,cat
2799,5574,dog
2800,5575,dog
2801,5576,dog
2802,5578,dog
2803,5580,dog
2804,5581,dog
2805,5590,cat
2806,5594,cat
2807,5596,dog
2808,5597,dog
2809,5599,cat
2810,5600,dog
2811,5604,cat
2812,5610,cat
2813,5612,dog
2814,5613,dog
2815,5615,cat
2816,5616,dog
2817,5618,cat
2818,5621,dog
2819,5624,dog
2820,5625,dog
2821,5626,dog
2822,5629,cat
2823,5631,cat
2824,5632,cat
2825,5634,dog
2826,5635,dog
2827,5640,dog
2828,5645,cat
2829,5646,cat
2830,5651,cat
2831,5654,dog
2832,5655,dog
2833,5656,dog
2834,5657,cat
2835,5661,cat
2836,5662,dog
2837,5663,cat
2838,5667,dog
2839,5668,cat
2840,5671,dog
2841,5672,dog
2842,5675,dog
2843,5677,dog
2844,5678,dog
2845,5681,dog
2846,5682,dog
2847,5683,cat
2848,5686,dog
2849,5689,dog
2850,5691,dog
2851,5692,dog
2852,5693,dog
2853,5695,cat
2854,5696,dog
2855,5697,dog
2856,5706,dog
2857,5707,dog
2858,5709,cat
2859,5714,dog
2860,5715,dog
2861,5716,dog
2862,5722,cat
2863,5723,cat
2864,5726,dog
2865,5730,dog
2866,5734,cat
2867,5736,cat
2868,5738,dog
2869,5739,cat
2870,5740,cat
2871,5741,dog
2872,5742,cat
2873,5743,cat
2874,5745,dog
2875,5747,dog
2876,5748,cat
2877,5749,dog
2878,5750,dog
2879,5753,cat
2880,5755,dog
2881,5757,dog
2882,5759,dog
2883,5761,dog
2884,5762,dog
2885,5763,dog
2886,5767,dog
2887,5768,cat
2888,5769,dog
2889,5771,dog
2890,5773,cat
2891,5776,cat
2892,5777,cat
2893,5779,cat
2894,5780,dog
2895,5781,dog
2896,5782,cat
2897,5786,dog
2898,5787,dog
2899,5789,dog
2900,5790,dog
2901,5791,dog
2902,5792,dog
2903,5794,dog
2904,5796,dog
2905,5797,cat
2906,5800,dog
2907,5801,dog
2908,5802,cat
2909,5805,cat
2910,5806,dog
2911,5808,dog
2912,5810,dog
2913,5811,dog
2914,5816,cat
2915,5819,dog
2916,5820,dog
2917,5823,dog
2918,5824,dog
2919,5825,dog
2920,5829,cat
2921,5833,cat
2922,5835,cat
2923,5836,cat
2924,5837,cat
2925,5840,dog
2926,5842,cat
2927,5844,cat
2928,5845,cat
2929,5847,dog
2930,5848,dog
2931,5849,cat
2932,5852,dog
2933,5853,dog
2934,5855,dog
2935,5856,cat
2936,5857,dog
2937,5859,cat
2938,5862,dog
2939,5865,dog
2940,5866,cat
2941,5868,cat
2942,5869,dog
2943,5871,dog
2944,5872,dog
2945,5873,dog
2946,5875,dog
2947,5876,dog
2948,5879,cat
2949,5881,cat
2950,5882,dog
2951,5885,dog
2952,5886,dog
2953,5888,dog
2954,5890,dog
2955,5891,dog
2956,5893,dog
2957,5894,cat
2958,5895,cat
2959,5896,dog
2960,5898,dog
2961,5900,cat
2962,5902,cat
2963,5907,dog
2964,5909,dog
2965,5911,cat
2966,5915,dog
2967,5918,cat
2968,5919,cat
2969,5920,dog
2970,5921,dog
2971,5922,dog
2972,5925,dog
2973,5926,dog
2974,5930,cat
2975,5934,dog
2976,5937,dog
2977,5938,cat
2978,5941,cat
2979,5942,dog
2980,5945,dog
2981,5946,cat
2982,5952,cat
2983,5957,dog
2984,5959,dog
2985,5960,dog
2986,5961,cat
2987,5963,dog
2988,5969,dog
2989,5971,dog
2990,5974,cat
2991,5975,cat
2992,5976,cat
2993,5977,dog
2994,5979,dog
2995,5981,dog
2996,5982,dog
2997,5984,dog
2998,5985,cat
2999,5986,cat
3000,5988,dog
3001,5989,cat
3002,5990,dog
3003,5991,dog
3004,5992,dog
3005,5993,cat
3006,5996,dog
3007,5998,dog
3008,5999,dog
3009,6004,cat
3010,6006,dog
3011,6007,dog
3012,6008,dog
3013,6009,dog
3014,6010,dog
3015,6011,dog
3016,6014,cat
3017,6015,dog
3018,6016,cat
3019,6022,cat
3020,6024,cat
3021,6025,dog
3022,6030,cat
3023,6031,dog
3024,6033,cat
3025,6037,dog
3026,6039,dog
3027,6042,dog
3028,6044,dog
3029,6051,cat
3030,6052,cat
3031,6055,dog
3032,6057,dog
3033,6058,cat
3034,6061,dog
3035,6066,dog
3036,6067,cat
3037,6068,dog
3038,6069,cat
3039,6070,dog
3040,6073,dog
3041,6076,cat
3042,6078,cat
3043,6082,dog
3044,6084,dog
3045,6085,cat
3046,6087,cat
3047,6088,dog
3048,6091,cat
3049,6094,dog
3050,6098,cat
3051,6100,dog
3052,6102,dog
3053,6104,dog
3054,6109,cat
3055,6110,dog
3056,6111,cat
3057,6114,cat
3058,6115,dog
3059,6117,dog
3060,6119,cat
3061,6121,dog
3062,6123,dog
3063,6126,dog
3064,6127,dog
3065,6128,dog
3066,6129,cat
3067,6133,dog
3068,6136,dog
3069,6137,dog
3070,6138,dog
3071,6139,dog
3072,6144,cat
3073,6145,dog
3074,6147,dog
3075,6148,dog
3076,6151,cat
3077,6154,cat
3078,6155,cat
3079,6156,cat
3080,6157,dog
3081,6158,dog
3082,6159,dog
3083,6160,dog
3084,6162,dog
3085,6168,dog
3086,6169,dog
3087,6170,dog
3088,6171,cat
3089,6173,cat
3090,6175,cat
3091,6183,dog
3092,6185,dog
3093,6186,dog
3094,6190,cat
3095,6191,dog
3096,6192,dog
3097,6193,dog
3098,6195,dog
3099,6198,dog
3100,6201,cat
3101,6202,cat
3102,6204,cat
3103,6205,cat
3104,6206,dog
3105,6209,cat
3106,6212,cat
3107,6216,dog
3108,6221,dog
3109,6222,cat
3110,6224,dog
3111,6225,cat
3112,6230,dog
3113,6233,dog
3114,6234,dog
3115,6235,cat
3116,6236,dog
3117,6238,dog
3118,6240,dog
3119,6243,dog
3120,6249,dog
3121,6250,cat
3122,6252,cat
3123,6254,dog
3124,6257,cat
3125,6258,dog
3126,6260,dog
3127,6266,dog
3128,6267,dog
3129,6268,dog
3130,6270,dog
3131,6272,cat
3132,6275,dog
3133,6276,cat
3134,6279,dog
3135,6281,cat
3136,6283,dog
3137,6286,cat
3138,6287,dog
3139,6288,dog
3140,6289,cat
3141,6290,dog
3142,6291,dog
3143,6292,cat
3144,6294,dog
3145,6296,cat
3146,6297,cat
3147,6298,dog
3148,6300,cat
3149,6301,dog
3150,6302,dog
3151,6303,cat
3152,6305,cat
3153,6307,dog
3154,6308,dog
3155,6309,cat
3156,6310,cat
3157,6311,cat
3158,6314,cat
3159,6318,dog
3160,6321,cat
3161,6322,dog
3162,6323,dog
3163,6324,cat
3164,6325,dog
3165,6328,cat
3166,6330,dog
3167,6331,dog
3168,6333,dog
3169,6335,dog
3170,6337,dog
3171,6338,dog
3172,6339,dog
3173,6340,dog
3174,6341,dog
3175,6343,cat
3176,6344,dog
3177,6345,dog
3178,6347,dog
3179,6349,dog
3180,6351,cat
3181,6353,dog
3182,6355,dog
3183,6358,cat
3184,6359,cat
3185,6362,dog
3186,6366,cat
3187,6367,cat
3188,6371,dog
3189,6377,dog
3190,6379,dog
3191,6380,cat
3192,6381,dog
3193,6382,cat
3194,6385,dog
3195,6387,cat
3196,6390,dog
3197,6391,dog
3198,6392,cat
3199,6395,cat
3200,6403,dog
3201,6406,dog
3202,6411,dog
3203,6412,dog
3204,6415,dog
3205,6417,cat
3206,6420,dog
3207,6421,dog
3208,6422,cat
3209,6423,dog
3210,6426,dog
3211,6427,dog
3212,6429,cat
3213,6436,dog
3214,6442,cat
3215,6444,cat
3216,6445,cat
3217,6446,cat
3218,6448,dog
3219,6451,dog
3220,6453,cat
3221,6454,cat
3222,6455,dog
3223,6456,dog
3224,6457,dog
3225,6460,dog
3226,6461,dog
3227,6462,dog
3228,6463,dog
3229,6465,dog
3230,6475,dog
3231,6476,cat
3232,6477,dog
3233,6478,dog
3234,6480,dog
3235,6481,dog
3236,6482,dog
3237,6484,dog
3238,6486,dog
3239,6488,cat
3240,6489,dog
3241,6490,dog
3242,6491,cat
3243,6493,dog
3244,6494,cat
3245,6496,cat
3246,6497,dog
3247,6501,dog
3248,6506,dog
3249,6513,dog
3250,6516,cat
3251,6521,dog
3252,6522,cat
3253,6523,cat
3254,6525,cat
3255,6526,cat
3256,6527,cat
3257,6531,dog
3258,6532,dog
3259,6533,dog
3260,6534,dog
3261,6535,dog
3262,6537,dog
3263,6539,cat
3264,6540,dog
3265,6542,dog
3266,6545,cat
3267,6547,cat
3268,6548,dog
3269,6550,cat
3270,6555,dog
3271,6556,dog
3272,6561,dog
3273,6564,cat
3274,6565,cat
3275,6566,dog
3276,6568,dog
3277,6569,dog
3278,6570,dog
3279,6572,cat
3280,6576,cat
3281,6577,dog
3282,6580,dog
3283,6581,dog
3284,6582,cat
3285,6584,dog
3286,6585,dog
3287,6587,cat
3288,6589,cat
3289,6590,dog
3290,6593,cat
3291,6596,dog
3292,6597,dog
3293,6601,cat
3294,6602,cat
3295,6603,cat
3296,6604,cat
3297,6606,cat
3298,6609,cat
3299,6612,dog
3300,6614,cat
3301,6619,dog
3302,6620,dog
3303,6621,dog
3304,6626,cat
3305,6634,cat
3306,6635,dog
3307,6637,cat
3308,6638,dog
3309,6640,dog
3310,6641,dog
3311,6642,cat
3312,6644,dog
3313,6645,cat
3314,6648,dog
3315,6649,dog
3316,6654,dog
3317,6656,dog
3318,6658,dog
3319,6661,dog
3320,6662,cat
3321,6663,cat
3322,6665,dog
3323,6666,dog
3324,6667,dog
3325,6668,dog
3326,6669,dog
3327,6671,cat
3328,6672,dog
3329,6675,cat
3330,6676,dog
3331,6677,dog
3332,6681,dog
3333,6683,dog
3334,6686,dog
3335,6687,dog
3336,6688,cat
3337,6689,dog
3338,6691,cat
3339,6692,dog
3340,6693,dog
3341,6694,cat
3342,6699,cat
3343,6702,dog
3344,6704,dog
3345,6706,dog
3346,6707,dog
3347,6708,cat
3348,6712,dog
3349,6714,cat
3350,6715,cat
3351,6716,cat
3352,6717,cat
3353,6718,cat
3354,6721,cat
3355,6728,cat
3356,6730,dog
3357,6731,cat
3358,6734,dog
3359,6735,cat
3360,6736,cat
3361,6737,dog
3362,6738,dog
3363,6739,cat
3364,6740,dog
3365,6741,cat
3366,6742,dog
3367,6747,dog
3368,6753,cat
3369,6754,dog
3370,6755,cat
3371,6757,dog
3372,6758,dog
3373,6764,cat
3374,6765,dog
3375,6766,dog
3376,6769,dog
3377,6772,dog
3378,6774,dog
3379,6777,cat
3380,6778,dog
3381,6780,cat
3382,6781,dog
3383,6782,cat
3384,6785,cat
3385,6788,cat
3386,6790,dog
3387,6793,cat
3388,6795,dog
3389,6797,dog
3390,6801,dog
3391,6804,dog
3392,6805,cat
3393,6807,dog
3394,6808,cat
3395,6809,dog
3396,6810,dog
3397,6814,dog
3398,6815,cat
3399,6817,dog
3400,6820,cat
3401,6822,dog
3402,6824,dog
3403,6825,dog
3404,6826,cat
3405,6829,dog
3406,6830,cat
3407,6831,dog
3408,6832,dog
3409,6836,dog
3410,6837,cat
3411,6838,cat
3412,6840,dog
3413,6842,cat
3414,6843,cat
3415,6844,cat
3416,6845,dog
3417,6846,cat
3418,6847,dog
3419,6848,dog
3420,6849,cat
3421,6851,dog
3422,6852,dog
3423,6853,dog
3424,6854,dog
3425,6855,dog
3426,6856,cat
3427,6859,dog
3428,6860,cat
3429,6861,cat
3430,6864,dog
3431,6866,dog
3432,6868,dog
3433,6875,dog
3434,6876,dog
3435,6877,dog
3436,6881,cat
3437,6882,dog
3438,6884,dog
3439,6885,dog
3440,6891,cat
3441,6892,dog
3442,6895,cat
3443,6897,dog
3444,6898,dog
3445,6899,dog
3446,6904,cat
3447,6906,dog
3448,6908,cat
3449,6910,dog
3450,6912,cat
3451,6913,dog
3452,6916,dog
3453,6917,dog
3454,6918,cat
3455,6920,dog
3456,6921,cat
3457,6922,dog
3458,6923,dog
3459,6926,dog
3460,6927,dog
3461,6928,dog
3462,6930,dog
3463,6934,cat
3464,6935,cat
3465,6936,dog
3466,6939,cat
3467,6940,dog
3468,6942,dog
3469,6945,dog
3470,6947,cat
3471,6949,dog
3472,6950,dog
3473,6952,dog
3474,6953,cat
3475,6954,cat
3476,6956,dog
3477,6957,dog
3478,6961,cat
3479,6962,dog
3480,6963,dog
3481,6964,cat
3482,6965,dog
3483,6967,dog
3484,6970,dog
3485,6972,dog
3486,6973,cat
3487,6976,dog
3488,6979,cat
3489,6980,cat
3490,6982,dog
3491,6983,dog
3492,6986,dog
3493,6991,cat
3494,6994,cat
3495,6996,cat
3496,6997,dog
3497,6999,dog
3498,7000,dog
3499,7003,dog
3500,7005,dog
3501,7007,cat
3502,7009,cat
3503,7013,dog
3504,7015,dog
3505,7016,dog
3506,7017,dog
3507,7018,dog
3508,7019,dog
3509,7020,cat
3510,7021,cat
3511,7024,dog
3512,7025,cat
3513,7026,dog
3514,7028,dog
3515,7029,cat
3516,7030,cat
3517,7033,dog
3518,7034,dog
3519,7039,cat
3520,7041,dog
3521,7043,cat
3522,7044,dog
3523,7045,cat
3524,7048,dog
3525,7049,cat
3526,7050,dog
3527,7051,cat
3528,7053,dog
3529,7054,dog
3530,7057,cat
3531,7058,dog
3532,7060,cat
3533,7061,dog
3534,7063,dog
3535,7066,dog
3536,7070,cat
3537,7073,dog
3538,7074,dog
3539,7079,cat
3540,7080,cat
3541,7082,dog
3542,7083,cat
3543,7085,cat
3544,7086,cat
3545,7088,dog
3546,7091,dog
3547,7096,dog
3548,7097,dog
3549,7099,dog
3550,7100,cat
3551,7101,cat
3552,7102,cat
3553,7103,dog
3554,7104,cat
3555,7106,cat
3556,7107,dog
3557,7108,cat
3558,7109,dog
3559,7110,dog
3560,7112,dog
3561,7114,dog
3562,7116,dog
3563,7120,dog
3564,7122,dog
3565,7125,dog
3566,7129,cat
3567,7130,cat
3568,7131,dog
3569,7139,dog
3570,7141,cat
3571,7143,cat
3572,7144,dog
3573,7145,dog
3574,7146,cat
3575,7150,cat
3576,7151,dog
3577,7154,cat
3578,7156,dog
3579,7157,dog
3580,7160,cat
3581,7161,dog
3582,7163,cat
3583,7166,cat
3584,7168,dog
3585,7170,dog
3586,7175,dog
3587,7177,dog
3588,7178,dog
3589,7180,dog
3590,7181,cat
3591,7183,dog
3592,7185,dog
3593,7188,dog
3594,7190,cat
3595,7191,dog
3596,7192,dog
3597,7194,dog
3598,7196,dog
3599,7197,dog
3600,7198,cat
3601,7203,dog
3602,7204,dog
3603,7206,cat
3604,7208,dog
3605,7209,cat
3606,7210,dog
3607,7211,dog
3608,7212,dog
3609,7213,cat
3610,7215,cat
3611,7216,dog
3612,7217,cat
3613,7218,cat
3614,7219,dog
3615,7220,dog
3616,7221,dog
3617,7222,dog
3618,7223,cat
3619,7227,cat
3620,7229,cat
3621,7231,dog
3622,7234,cat
3623,7235,cat
3624,7236,dog
3625,7238,cat
3626,7239,dog
3627,7240,dog
3628,7243,cat
3629,7248,dog
3630,7251,dog
3631,7252,cat
3632,7254,dog
3633,7255,dog
3634,7256,cat
3635,7261,dog
3636,7262,cat
3637,7263,dog
3638,7266,dog
3639,7271,dog
3640,7273,dog
3641,7274,dog
3642,7275,dog
3643,7276,dog
3644,7277,cat
3645,7279,dog
3646,7281,cat
3647,7282,dog
3648,7285,dog
3649,7288,dog
3650,7289,cat
3651,7291,dog
3652,7292,dog
3653,7293,cat
3654,7296,dog
3655,7297,cat
3656,7299,dog
3657,7301,cat
3658,7303,dog
3659,7311,dog
3660,7313,dog
3661,7315,dog
3662,7317,cat
3663,7321,cat
3664,7322,dog
3665,7326,dog
3666,7329,cat
3667,7330,dog
3668,7334,cat
3669,7335,dog
3670,7338,cat
3671,7339,dog
3672,7343,dog
3673,7345,cat
3674,7347,dog
3675,7350,cat
3676,7357,dog
3677,7358,cat
3678,7359,dog
3679,7360,dog
3680,7361,cat
3681,7362,dog
3682,7363,dog
3683,7364,dog
3684,7365,dog
3685,7369,dog
3686,7372,dog
3687,7373,cat
3688,7374,cat
3689,7375,cat
3690,7378,cat
3691,7379,dog
3692,7381,cat
3693,7382,dog
3694,7386,cat
3695,7387,cat
3696,7390,cat
3697,7391,cat
3698,7392,dog
3699,7394,dog
3700,7395,cat
3701,7396,dog
3702,7399,dog
3703,7401,dog
3704,7402,dog
3705,7408,dog
3706,7409,dog
3707,7411,dog
3708,7412,dog
3709,7413,dog
3710,7419,dog
3711,7422,dog
3712,7424,dog
3713,7425,dog
3714,7428,dog
3715,7430,cat
3716,7431,dog
3717,7434,dog
3718,7436,dog
3719,7437,dog
3720,7438,dog
3721,7441,dog
3722,7443,cat
3723,7444,cat
3724,7445,dog
3725,7452,cat
3726,7454,cat
3727,7456,cat
3728,7464,cat
3729,7465,dog
3730,7466,dog
3731,7468,dog
3732,7469,dog
3733,7471,cat
3734,7473,dog
3735,7474,dog
3736,7475,dog
3737,7477,cat
3738,7479,dog
3739,7480,dog
3740,7481,dog
3741,7482,cat
3742,7483,cat
3743,7484,dog
3744,7486,cat
3745,7488,dog
3746,7489,cat
3747,7491,cat
3748,7493,cat
3749,7495,dog
3750,7496,dog
3751,7498,cat
3752,7501,dog
3753,7504,cat
3754,7506,dog
3755,7507,dog
3756,7509,cat
3757,7510,cat
3758,7511,dog
3759,7515,cat
3760,7517,cat
3761,7520,dog
3762,7527,dog
3763,7529,dog
3764,7533,cat
3765,7539,dog
3766,7540,dog
3767,7542,dog
3768,7543,cat
3769,7544,dog
3770,7545,dog
3771,7547,dog
3772,7548,dog
3773,7550,dog
3774,7554,dog
3775,7555,dog
3776,7556,cat
3777,7557,dog
3778,7558,dog
3779,7560,dog
3780,7561,dog
3781,7563,cat
3782,7565,dog
3783,7566,dog
3784,7571,cat
3785,7575,cat
3786,7576,cat
3787,7578,cat
3788,7580,dog
3789,7582,dog
3790,7583,cat
3791,7584,cat
3792,7585,cat
3793,7586,dog
3794,7587,cat
3795,7588,dog
3796,7589,cat
3797,7590,dog
3798,7593,dog
3799,7595,dog
3800,7596,dog
3801,7599,cat
3802,7600,dog
3803,7603,dog
3804,7606,cat
3805,7610,dog
3806,7611,dog
3807,7612,dog
3808,7614,dog
3809,7619,dog
3810,7620,dog
3811,7623,dog
3812,7625,dog
3813,7626,dog
3814,7627,cat
3815,7628,dog
3816,7629,cat
3817,7630,cat
3818,7631,cat
3819,7636,dog
3820,7638,cat
3821,7640,dog
3822,7641,dog
3823,7642,dog
3824,7643,dog
3825,7647,cat
3826,7651,dog
3827,7652,cat
3828,7653,cat
3829,7657,dog
3830,7662,dog
3831,7666,cat
3832,7667,cat
3833,7669,dog
3834,7670,dog
3835,7672,cat
3836,7679,dog
3837,7681,dog
3838,7684,dog
3839,7685,dog
3840,7686,cat
3841,7687,dog
3842,7688,dog
3843,7691,dog
3844,7694,cat
3845,7695,dog
3846,7696,cat
3847,7697,cat
3848,7698,cat
3849,7700,dog
3850,7704,cat
3851,7705,dog
3852,7707,cat
3853,7710,cat
3854,7712,dog
3855,7721,dog
3856,7722,dog
3857,7723,dog
3858,7725,cat
3859,7726,cat
3860,7728,dog
3861,7734,cat
3862,7737,dog
3863,7738,dog
3864,7739,dog
3865,7740,cat
3866,7742,dog
3867,7743,dog
3868,7745,dog
3869,7746,dog
3870,7748,cat
3871,7750,dog
3872,7753,cat
3873,7754,dog
3874,7755,dog
3875,7756,dog
3876,7757,dog
3877,7758,cat
3878,7759,dog
3879,7760,cat
3880,7761,cat
3881,7764,dog
3882,7765,dog
3883,7766,cat
3884,7767,cat
3885,7768,cat
3886,7769,dog
3887,7770,dog
3888,7771,dog
3889,7773,dog
3890,7774,dog
3891,7775,cat
3892,7776,dog
3893,7777,dog
3894,7781,dog
3895,7783,dog
3896,7784,dog
3897,7786,dog
3898,7787,dog
3899,7788,dog
3900,7792,cat
3901,7794,dog
3902,7795,dog
3903,7798,dog
3904,7799,dog
3905,7801,dog
3906,7802,dog
3907,7803,cat
3908,7805,dog
3909,7806,dog
3910,7808,cat
3911,7809,cat
3912,7810,cat
3913,7813,dog
3914,7816,dog
3915,7818,cat
3916,7821,dog
3917,7822,dog
3918,7825,cat
3919,7826,dog
3920,7829,dog
3921,7830,dog
3922,7831,dog
3923,7832,cat
3924,7833,cat
3925,7834,cat
3926,7835,dog
3927,7836,dog
3928,7837,dog
3929,7838,cat
3930,7840,cat
3931,7841,cat
3932,7843,dog
3933,7844,dog
3934,7849,cat
3935,7851,dog
3936,7856,dog
3937,7865,dog
3938,7866,dog
3939,7867,dog
3940,7869,cat
3941,7871,dog
3942,7875,dog
3943,7876,dog
3944,7880,dog
3945,7882,cat
3946,7883,cat
3947,7885,dog
3948,7887,cat
3949,7889,dog
3950,7890,cat
3951,7895,cat
3952,7897,cat
3953,7898,dog
3954,7899,dog
3955,7900,dog
3956,7901,dog
3957,7902,cat
3958,7903,cat
3959,7912,cat
3960,7914,dog
3961,7915,dog
3962,7918,cat
3963,7919,dog
3964,7920,cat
3965,7921,dog
3966,7925,dog
3967,7930,dog
3968,7931,cat
3969,7932,dog
3970,7933,dog
3971,7939,dog
3972,7941,cat
3973,7942,dog
3974,7948,dog
3975,7949,cat
3976,7950,cat
3977,7951,dog
3978,7953,dog
3979,7958,dog
3980,7960,cat
3981,7964,dog
3982,7966,cat
3983,7968,dog
3984,7969,dog
3985,7970,dog
3986,7972,dog
3987,7973,dog
3988,7975,cat
3989,7976,dog
3990,7978,cat
3991,7980,dog
3992,7985,cat
3993,7987,dog
3994,7988,dog
3995,7990,dog
3996,7991,dog
3997,7992,cat
3998,7998,dog
3999,7999,dog
4000,8002,dog
4001,8007,dog
4002,8012,dog
4003,8016,cat
4004,8024,dog
4005,8028,dog
4006,8030,cat
4007,8031,dog
4008,8032,cat
4009,8033,dog
4010,8035,dog
4011,8039,cat
4012,8040,cat
4013,8042,dog
4014,8043,dog
4015,8044,cat
4016,8047,cat
4017,8051,dog
4018,8052,dog
4019,8053,dog
4020,8056,cat
4021,8057,cat
4022,8062,cat
4023,8063,cat
4024,8064,dog
4025,8066,cat
4026,8067,dog
4027,8068,dog
4028,8071,dog
4029,8076,cat
4030,8077,dog
4031,8078,dog
4032,8079,cat
4033,8080,dog
4034,8083,dog
4035,8085,dog
4036,8086,cat
4037,8087,cat
4038,8088,dog
4039,8089,cat
4040,8092,dog
4041,8094,cat
4042,8095,dog
4043,8097,dog
4044,8098,cat
4045,8099,dog
4046,8100,dog
4047,8102,cat
4048,8105,cat
4049,8106,dog
4050,8107,cat
4051,8109,dog
4052,8110,dog
4053,8115,cat
4054,8121,dog
4055,8123,dog
4056,8124,dog
4057,8125,cat
4058,8126,dog
4059,8128,dog
4060,8129,dog
4061,8131,dog
4062,8132,cat
4063,8133,dog
4064,8134,dog
4065,8135,cat
4066,8137,cat
4067,8140,dog
4068,8142,dog
4069,8144,dog
4070,8149,dog
4071,8150,dog
4072,8151,dog
4073,8152,cat
4074,8156,cat
4075,8159,dog
4076,8161,dog
4077,8162,dog
4078,8163,dog
4079,8166,cat
4080,8167,cat
4081,8169,cat
4082,8170,dog
4083,8171,dog
4084,8172,dog
4085,8173,dog
4086,8175,dog
4087,8178,dog
4088,8179,cat
4089,8181,cat
4090,8182,dog
4091,8184,cat
4092,8190,cat
4093,8194,cat
4094,8196,dog
4095,8197,dog
4096,8200,dog
4097,8205,cat
4098,8207,dog
4099,8209,dog
4100,8210,dog
4101,8211,cat
4102,8212,cat
4103,8213,dog
4104,8215,dog
4105,8219,dog
4106,8220,dog
4107,8221,cat
4108,8224,dog
4109,8225,dog
4110,8226,cat
4111,8228,cat
4112,8232,dog
4113,8237,dog
4114,8239,cat
4115,8241,dog
4116,8243,dog
4117,8244,cat
4118,8245,cat
4119,8252,dog
4120,8254,cat
4121,8258,dog
4122,8259,dog
4123,8261,dog
4124,8263,dog
4125,8264,dog
4126,8268,dog
4127,8270,dog
4128,8271,dog
4129,8275,dog
4130,8276,dog
4131,8278,dog
4132,8280,dog
4133,8282,cat
4134,8284,cat
4135,8286,cat
4136,8288,cat
4137,8289,dog
4138,8295,cat
4139,8297,dog
4140,8298,dog
4141,8299,cat
4142,8302,dog
4143,8305,cat
4144,8306,cat
4145,8309,dog
4146,8314,dog
4147,8315,cat
4148,8318,dog
4149,8320,cat
4150,8321,cat
4151,8322,dog
4152,8323,dog
4153,8324,cat
4154,8325,cat
4155,8333,dog
4156,8335,dog
4157,8337,cat
4158,8338,cat
4159,8339,dog
4160,8341,dog
4161,8342,dog
4162,8344,dog
4163,8345,dog
4164,8347,cat
4165,8350,cat
4166,8351,dog
4167,8352,dog
4168,8353,dog
4169,8354,dog
4170,8359,cat
4171,8365,cat
4172,8369,dog
4173,8370,dog
4174,8372,dog
4175,8374,cat
4176,8376,dog
4177,8377,dog
4178,8379,dog
4179,8380,cat
4180,8381,dog
4181,8382,cat
4182,8385,cat
4183,8386,cat
4184,8387,dog
4185,8390,dog
4186,8392,cat
4187,8393,dog
4188,8394,dog
4189,8395,dog
4190,8397,dog
4191,8400,dog
4192,8401,dog
4193,8403,cat
4194,8406,cat
4195,8409,dog
4196,8411,dog
4197,8412,dog
4198,8413,dog
4199,8415,cat
4200,8416,dog
4201,8419,cat
4202,8422,dog
4203,8423,dog
4204,8424,dog
4205,8427,cat
4206,8428,dog
4207,8430,dog
4208,8432,dog
4209,8434,dog
4210,8435,dog
4211,8438,cat
4212,8439,cat
4213,8440,dog
4214,8441,cat
4215,8442,cat
4216,8443,cat
4217,8444,dog
4218,8445,dog
4219,8446,cat
4220,8448,cat
4221,8449,dog
4222,8451,cat
4223,8453,dog
4224,8455,cat
4225,8458,dog
4226,8466,dog
4227,8469,dog
4228,8472,cat
4229,8473,cat
4230,8476,dog
4231,8478,dog
4232,8480,dog
4233,8482,cat
4234,8485,dog
4235,8486,dog
4236,8487,cat
4237,8488,cat
4238,8489,cat
4239,8492,dog
4240,8494,dog
4241,8495,cat
4242,8496,dog
4243,8497,dog
4244,8500,dog
4245,8502,dog
4246,8503,dog
4247,8504,cat
4248,8506,dog
4249,8508,dog
4250,8509,dog
4251,8511,dog
4252,8512,cat
4253,8513,dog
4254,8514,cat
4255,8516,dog
4256,8517,dog
4257,8519,dog
4258,8520,cat
4259,8523,cat
4260,8524,dog
4261,8526,cat
4262,8527,cat
4263,8528,cat
4264,8529,dog
4265,8531,cat
4266,8532,dog
4267,8533,cat
4268,8535,cat
4269,8537,dog
4270,8540,dog
4271,8543,dog
4272,8544,cat
4273,8545,cat
4274,8546,cat
4275,8547,dog
4276,8550,cat
4277,8551,dog
4278,8555,dog
4279,8556,dog
4280,8557,cat
4281,8558,cat
4282,8559,dog
4283,8560,cat
4284,8561,dog
4285,8564,dog
4286,8567,dog
4287,8569,cat
4288,8570,cat
4289,8571,dog
4290,8572,dog
4291,8574,dog
4292,8578,cat
4293,8579,dog
4294,8581,dog
4295,8582,cat
4296,8583,dog
4297,8584,dog
4298,8585,dog
4299,8586,dog
4300,8587,dog
4301,8588,cat
4302,8591,cat
4303,8592,cat
4304,8594,dog
4305,8595,cat
4306,8597,dog
4307,8598,cat
4308,8601,cat
4309,8602,dog
4310,8603,dog
4311,8604,cat
4312,8605,cat
4313,8608,cat
4314,8612,dog
4315,8613,cat
4316,8614,dog
4317,8616,dog
4318,8617,dog
4319,8618,dog
4320,8619,cat
4321,8621,dog
4322,8622,dog
4323,8628,dog
4324,8631,cat
4325,8632,dog
4326,8634,dog
4327,8635,cat
4328,8637,cat
4329,8639,dog
4330,8642,dog
4331,8647,dog
4332,8648,dog
4333,8649,dog
4334,8656,dog
4335,8657,cat
4336,8659,dog
4337,8661,cat
4338,8667,dog
4339,8670,cat
4340,8671,dog
4341,8676,dog
4342,8679,dog
4343,8681,cat
4344,8682,dog
4345,8684,dog
4346,8689,dog
4347,8691,cat
4348,8692,cat
4349,8696,cat
4350,8700,dog
4351,8701,cat
4352,8704,dog
4353,8705,cat
4354,8707,cat
4355,8710,dog
4356,8713,cat
4357,8714,dog
4358,8715,dog
4359,8720,dog
4360,8722,dog
4361,8723,dog
4362,8724,dog
4363,8725,dog
4364,8732,dog
4365,8742,dog
4366,8744,cat
4367,8745,dog
4368,8746,cat
4369,8747,dog
4370,8748,dog
4371,8749,dog
4372,8754,cat
4373,8757,cat
4374,8758,cat
4375,8759,dog
4376,8760,dog
4377,8762,dog
4378,8763,dog
4379,8764,dog
4380,8768,cat
4381,8769,cat
4382,8770,dog
4383,8772,cat
4384,8773,dog
4385,8774,dog
4386,8775,cat
4387,8777,dog
4388,8779,dog
4389,8781,dog
4390,8784,dog
4391,8785,dog
4392,8786,dog
4393,8787,dog
4394,8788,dog
4395,8791,dog
4396,8797,cat
4397,8798,dog
4398,8801,cat
4399,8802,cat
4400,8805,dog
4401,8808,cat
4402,8809,cat
4403,8810,cat
4404,8815,cat
4405,8817,dog
4406,8820,dog
4407,8821,dog
4408,8827,cat
4409,8828,dog
4410,8831,dog
4411,8832,dog
4412,8834,dog
4413,8835,cat
4414,8837,dog
4415,8838,cat
4416,8842,cat
4417,8843,dog
4418,8844,dog
4419,8846,dog
4420,8847,dog
4421,8848,dog
4422,8849,cat
4423,8851,cat
4424,8852,dog
4425,8853,cat
4426,8855,cat
4427,8856,dog
4428,8858,cat
4429,8864,dog
4430,8865,dog
4431,8867,dog
4432,8868,cat
4433,8871,dog
4434,8872,dog
4435,8876,dog
4436,8877,cat
4437,8879,dog
4438,8881,cat
4439,8882,dog
4440,8883,dog
4441,8887,dog
4442,8888,dog
4443,8889,dog
4444,8891,dog
4445,8892,dog
4446,8893,dog
4447,8895,dog
4448,8896,dog
4449,8897,cat
4450,8900,dog
4451,8903,dog
4452,8904,cat
4453,8906,dog
4454,8914,dog
4455,8915,dog
4456,8916,dog
4457,8917,dog
4458,8920,cat
4459,8922,cat
4460,8924,cat
4461,8925,dog
4462,8926,dog
4463,8927,cat
4464,8928,dog
4465,8929,cat
4466,8930,dog
4467,8931,cat
4468,8932,dog
4469,8934,cat
4470,8938,dog
4471,8939,dog
4472,8940,cat
4473,8941,cat
4474,8942,cat
4475,8943,cat
4476,8944,cat
4477,8947,dog
4478,8948,cat
4479,8950,cat
4480,8952,dog
4481,8953,cat
4482,8955,dog
4483,8957,cat
4484,8959,dog
4485,8964,cat
4486,8966,dog
4487,8967,dog
4488,8968,dog
4489,8969,dog
4490,8972,cat
4491,8973,dog
4492,8975,cat
4493,8976,cat
4494,8977,cat
4495,8978,dog
4496,8981,dog
4497,8986,dog
4498,8988,dog
4499,8989,cat
4500,8991,cat
4501,8992,cat
4502,8994,dog
4503,8996,dog
4504,8997,cat
4505,8998,dog
4506,9000,dog
4507,9001,dog
4508,9003,dog
4509,9004,dog
4510,9005,dog
4511,9006,dog
4512,9007,dog
4513,9009,dog
4514,9011,dog
4515,9012,dog
4516,9013,dog
4517,9014,dog
4518,9021,dog
4519,9022,cat
4520,9023,dog
4521,9027,cat
4522,9028,dog
4523,9029,cat
4524,9031,dog
4525,9032,cat
4526,9035,dog
4527,9036,cat
4528,9038,dog
4529,9040,dog
4530,9042,dog
4531,9044,cat
4532,9046,dog
4533,9048,cat
4534,9050,dog
4535,9052,dog
4536,9055,cat
4537,9059,dog
4538,9070,dog
4539,9075,dog
4540,9078,cat
4541,9079,cat
4542,9084,dog
4543,9087,cat
4544,9088,cat
4545,9089,dog
4546,9091,cat
4547,9094,dog
4548,9097,dog
4549,9098,dog
4550,9102,cat
4551,9105,dog
4552,9107,dog
4553,9108,dog
4554,9109,dog
4555,9112,cat
4556,9113,cat
4557,9116,cat
4558,9118,cat
4559,9120,dog
4560,9121,dog
4561,9123,dog
4562,9125,dog
4563,9126,dog
4564,9128,dog
4565,9132,dog
4566,9134,cat
4567,9138,dog
4568,9139,cat
4569,9142,cat
4570,9144,cat
4571,9145,dog
4572,9147,dog
4573,9149,cat
4574,9151,dog
4575,9152,dog
4576,9153,cat
4577,9154,cat
4578,9155,dog
4579,9156,dog
4580,9157,dog
4581,9159,cat
4582,9161,dog
4583,9162,dog
4584,9163,cat
4585,9165,dog
4586,9166,dog
4587,9167,dog
4588,9172,dog
4589,9173,cat
4590,9175,cat
4591,9176,dog
4592,9178,cat
4593,9180,cat
4594,9182,cat
4595,9184,cat
4596,9185,dog
4597,9186,cat
4598,9187,dog
4599,9188,cat
4600,9190,dog
4601,9191,cat
4602,9193,cat
4603,9200,dog
4604,9201,cat
4605,9202,dog
4606,9204,dog
4607,9205,dog
4608,9211,dog
4609,9214,cat
4610,9215,dog
4611,9216,dog
4612,9218,dog
4613,9219,cat
4614,9222,dog
4615,9229,cat
4616,9231,cat
4617,9235,cat
4618,9237,dog
4619,9238,cat
4620,9239,cat
4621,9240,cat
4622,9244,dog
4623,9245,dog
4624,9246,dog
4625,9247,dog
4626,9249,dog
4627,9250,dog
4628,9251,dog
4629,9252,dog
4630,9258,dog
4631,9260,dog
4632,9264,cat
4633,9265,cat
4634,9270,dog
4635,9272,dog
4636,9275,cat
4637,9279,dog
4638,9282,cat
4639,9283,dog
4640,9284,dog
4641,9288,dog
4642,9290,dog
4643,9291,cat
4644,9294,cat
4645,9297,dog
4646,9299,dog
4647,9300,dog
4648,9301,cat
4649,9303,cat
4650,9304,dog
4651,9311,dog
4652,9313,cat
4653,9318,cat
4654,9319,cat
4655,9322,dog
4656,9325,dog
4657,9326,dog
4658,9328,cat
4659,9329,dog
4660,9331,dog
4661,9332,dog
4662,9335,cat
4663,9336,cat
4664,9337,cat
4665,9340,cat
4666,9342,cat
4667,9343,cat
4668,9344,cat
4669,9346,dog
4670,9350,dog
4671,9352,dog
4672,9353,cat
4673,9358,dog
4674,9360,dog
4675,9362,dog
4676,9365,cat
4677,9366,dog
4678,9371,cat
4679,9372,dog
4680,9375,cat
4681,9378,dog
4682,9380,dog
4683,9381,cat
4684,9382,dog
4685,9384,dog
4686,9387,cat
4687,9388,cat
4688,9392,dog
4689,9393,dog
4690,9395,dog
4691,9397,dog
4692,9399,cat
4693,9402,dog
4694,9403,cat
4695,9404,dog
4696,9405,dog
4697,9406,dog
4698,9407,cat
4699,9409,cat
4700,9410,cat
4701,9412,cat
4702,9415,dog
4703,9416,dog
4704,9417,dog
4705,9423,dog
4706,9424,dog
4707,9425,cat
4708,9426,cat
4709,9430,dog
4710,9431,dog
4711,9432,cat
4712,9435,dog
4713,9438,dog
4714,9442,dog
4715,9443,dog
4716,9449,cat
4717,9450,dog
4718,9452,cat
4719,9453,cat
4720,9454,dog
4721,9455,dog
4722,9462,cat
4723,9465,dog
4724,9466,dog
4725,9467,dog
4726,9469,dog
4727,9471,dog
4728,9474,dog
4729,9475,cat
4730,9476,cat
4731,9477,cat
4732,9482,dog
4733,9483,dog
4734,9485,dog
4735,9486,cat
4736,9487,dog
4737,9488,dog
4738,9491,dog
4739,9492,dog
4740,9493,dog
4741,9494,cat
4742,9497,cat
4743,9498,dog
4744,9499,cat
4745,9500,cat
4746,9501,cat
4747,9503,dog
4748,9506,dog
4749,9507,dog
4750,9508,dog
4751,9510,dog
4752,9511,cat
4753,9513,cat
4754,9514,cat
4755,9515,dog
4756,9517,dog
4757,9518,dog
4758,9519,cat
4759,9520,dog
4760,9523,dog
4761,9526,dog
4762,9527,cat
4763,9528,cat
4764,9533,dog
4765,9534,cat
4766,9535,dog
4767,9538,dog
4768,9542,dog
4769,9543,cat
4770,9545,cat
4771,9546,dog
4772,9547,dog
4773,9550,cat
4774,9551,dog
4775,9553,cat
4776,9554,dog
4777,9555,cat
4778,9557,dog
4779,9561,dog
4780,9562,cat
4781,9563,dog
4782,9564,dog
4783,9567,dog
4784,9568,dog
4785,9569,dog
4786,9570,dog
4787,9571,cat
4788,9572,cat
4789,9573,dog
4790,9574,dog
4791,9580,dog
4792,9582,dog
4793,9585,dog
4794,9589,dog
4795,9594,dog
4796,9595,cat
4797,9596,cat
4798,9597,cat
4799,9598,dog
4800,9599,cat
4801,9600,dog
4802,9601,dog
4803,9602,cat
4804,9603,cat
4805,9605,dog
4806,9606,cat
4807,9607,dog
4808,9608,cat
4809,9609,dog
4810,9611,cat
4811,9613,dog
4812,9614,dog
4813,9615,dog
4814,9616,dog
4815,9619,dog
4816,9620,dog
4817,9624,dog
4818,9628,cat
4819,9630,dog
4820,9632,dog
4821,9633,dog
4822,9635,cat
4823,9640,dog
4824,9643,dog
4825,9646,cat
4826,9648,dog
4827,9649,cat
4828,9650,dog
4829,9652,dog
4830,9653,dog
4831,9654,dog
4832,9655,dog
4833,9656,dog
4834,9657,dog
4835,9658,cat
4836,9659,dog
4837,9660,cat
4838,9661,dog
4839,9663,dog
4840,9665,dog
4841,9670,cat
4842,9671,dog
4843,9673,dog
4844,9674,cat
4845,9675,dog
4846,9678,cat
4847,9679,dog
4848,9681,dog
4849,9683,cat
4850,9685,dog
4851,9686,cat
4852,9688,dog
4853,9690,dog
4854,9691,cat
4855,9695,cat
4856,9698,dog
4857,9699,dog
4858,9701,cat
4859,9704,dog
4860,9706,dog
4861,9709,cat
4862,9711,cat
4863,9714,cat
4864,9715,dog
4865,9718,dog
4866,9720,cat
4867,9722,dog
4868,9725,dog
4869,9726,cat
4870,9728,cat
4871,9729,cat
4872,9730,dog
4873,9731,dog
4874,9733,dog
4875,9734,cat
4876,9735,cat
4877,9736,cat
4878,9737,dog
4879,9740,cat
4880,9743,dog
4881,9745,dog
4882,9748,cat
4883,9749,dog
4884,9751,dog
4885,9752,cat
4886,9754,dog
4887,9757,dog
4888,9758,dog
4889,9759,dog
4890,9760,dog
4891,9761,cat
4892,9762,dog
4893,9765,dog
4894,9767,cat
4895,9768,dog
4896,9773,dog
4897,9774,dog
4898,9781,cat
4899,9782,cat
4900,9783,cat
4901,9785,cat
4902,9786,dog
4903,9788,dog
4904,9789,cat
4905,9791,dog
4906,9792,dog
4907,9797,dog
4908,9798,dog
4909,9800,cat
4910,9803,cat
4911,9810,cat
4912,9812,dog
4913,9817,cat
4914,9818,dog
4915,9825,dog
4916,9826,cat
4917,9830,cat
4918,9831,dog
4919,9835,dog
4920,9836,dog
4921,9837,dog
4922,9845,dog
4923,9846,dog
4924,9848,dog
4925,9850,cat
4926,9851,dog
4927,9852,dog
4928,9853,dog
4929,9857,dog
4930,9859,cat
4931,9861,dog
4932,9862,dog
4933,9865,dog
4934,9868,dog
4935,9869,cat
4936,9870,cat
4937,9871,dog
4938,9873,dog
4939,9874,dog
4940,9875,cat
4941,9879,cat
4942,9880,dog
4943,9884,dog
4944,9887,cat
4945,9888,cat
4946,9889,dog
4947,9890,dog
4948,9896,dog
4949,9897,dog
4950,9898,dog
4951,9899,dog
4952,9901,dog
4953,9903,cat
4954,9904,dog
4955,9905,dog
4956,9907,dog
4957,9908,cat
4958,9909,dog
4959,9911,cat
4960,9917,dog
4961,9922,cat
4962,9926,dog
4963,9927,cat
4964,9928,dog
4965,9935,dog
4966,9936,cat
4967,9937,dog
4968,9943,dog
4969,9944,dog
4970,9946,cat
4971,9950,dog
4972,9952,cat
4973,9953,dog
4974,9955,cat
4975,9956,cat
4976,9957,dog
4977,9958,dog
4978,9960,dog
4979,9961,dog
4980,9963,cat
4981,9965,dog
4982,9966,dog
4983,9967,cat
4984,9968,dog
4985,9970,dog
4986,9972,cat
4987,9974,dog
4988,9976,dog
4989,9977,dog
4990,9980,dog
4991,9982,dog
4992,9983,cat
4993,9988,cat
4994,9992,dog
4995,9993,cat
4996,9994,cat
4997,9999,dog
4998,10000,dog
4999,10001,dog
5000,10002,cat
5001,10004,dog
5002,10008,dog
5003,10010,dog
5004,10013,cat
5005,10014,dog
5006,10015,cat
5007,10016,dog
5008,10017,dog
5009,10019,cat
5010,10020,cat
5011,10030,dog
5012,10031,dog
5013,10033,cat
5014,10034,dog
5015,10036,dog
5016,10040,dog
5017,10041,cat
5018,10044,dog
5019,10048,dog
5020,10049,cat
5021,10052,dog
5022,10053,dog
5023,10055,cat
5024,10056,dog
5025,10058,dog
5026,10059,cat
5027,10060,dog
5028,10062,dog
5029,10063,dog
5030,10064,dog
5031,10066,dog
5032,10067,cat
5033,10069,cat
5034,10070,cat
5035,10072,cat
5036,10076,cat
5037,10077,dog
5038,10080,cat
5039,10084,dog
5040,10086,dog
5041,10087,dog
5042,10088,dog
5043,10089,dog
5044,10090,cat
5045,10096,cat
5046,10099,dog
5047,10100,dog
5048,10101,dog
5049,10102,dog
5050,10103,dog
5051,10104,dog
5052,10105,cat
5053,10106,dog
5054,10107,dog
5055,10108,dog
5056,10109,dog
5057,10111,dog
5058,10112,dog
5059,10113,dog
5060,10115,dog
5061,10119,cat
5062,10125,dog
5063,10126,cat
5064,10127,dog
5065,10129,dog
5066,10137,dog
5067,10140,cat
5068,10143,cat
5069,10145,dog
5070,10149,dog
5071,10150,cat
5072,10153,cat
5073,10154,cat
5074,10156,dog
5075,10159,dog
5076,10161,cat
5077,10162,dog
5078,10163,cat
5079,10164,cat
5080,10165,dog
5081,10168,dog
5082,10169,cat
5083,10171,dog
5084,10174,dog
5085,10179,cat
5086,10180,dog
5087,10184,dog
5088,10185,dog
5089,10186,dog
5090,10188,dog
5091,10191,dog
5092,10192,dog
5093,10193,dog
5094,10195,cat
5095,10196,cat
5096,10199,cat
5097,10201,cat
5098,10203,dog
5099,10204,dog
5100,10207,dog
5101,10209,cat
5102,10210,dog
5103,10212,dog
5104,10213,dog
5105,10214,dog
5106,10215,cat
5107,10217,cat
5108,10218,cat
5109,10219,cat
5110,10224,cat
5111,10226,dog
5112,10228,dog
5113,10229,dog
5114,10232,dog
5115,10234,cat
5116,10235,cat
5117,10239,cat
5118,10242,cat
5119,10244,cat
5120,10245,cat
5121,10250,dog
5122,10251,dog
5123,10253,cat
5124,10255,dog
5125,10256,dog
5126,10261,dog
5127,10262,cat
5128,10264,dog
5129,10266,dog
5130,10267,dog
5131,10273,dog
5132,10274,dog
5133,10275,dog
5134,10276,dog
5135,10277,cat
5136,10279,dog
5137,10280,dog
5138,10283,cat
5139,10288,dog
5140,10293,dog
5141,10294,dog
5142,10295,dog
5143,10296,cat
5144,10300,cat
5145,10302,dog
5146,10304,cat
5147,10306,dog
5148,10307,cat
5149,10308,dog
5150,10311,cat
5151,10312,dog
5152,10317,dog
5153,10318,dog
5154,10319,dog
5155,10320,dog
5156,10321,dog
5157,10322,cat
5158,10329,dog
5159,10331,dog
5160,10335,dog
5161,10336,dog
5162,10338,dog
5163,10339,cat
5164,10340,dog
5165,10342,dog
5166,10343,dog
5167,10348,cat
5168,10349,dog
5169,10353,dog
5170,10355,dog
5171,10356,cat
5172,10357,dog
5173,10360,dog
5174,10363,cat
5175,10366,dog
5176,10367,dog
5177,10368,dog
5178,10369,dog
5179,10370,cat
5180,10375,cat
5181,10377,cat
5182,10378,cat
5183,10379,dog
5184,10381,cat
5185,10384,dog
5186,10385,dog
5187,10389,dog
5188,10392,dog
5189,10396,dog
5190,10397,dog
5191,10398,dog
5192,10404,cat
5193,10405,dog
5194,10406,cat
5195,10407,cat
5196,10408,dog
5197,10409,dog
5198,10410,cat
5199,10413,dog
5200,10415,dog
5201,10417,cat
5202,10418,cat
5203,10423,dog
5204,10425,dog
5205,10428,dog
5206,10430,dog
5207,10431,cat
5208,10432,dog
5209,10435,dog
5210,10437,dog
5211,10438,cat
5212,10439,cat
5213,10441,cat
5214,10442,dog
5215,10443,dog
5216,10445,cat
5217,10447,dog
5218,10448,cat
5219,10450,dog
5220,10451,dog
5221,10453,dog
5222,10455,dog
5223,10459,dog
5224,10462,cat
5225,10463,dog
5226,10464,dog
5227,10468,dog
5228,10469,cat
5229,10471,dog
5230,10473,dog
5231,10475,dog
5232,10476,dog
5233,10477,dog
5234,10479,cat
5235,10481,cat
5236,10486,dog
5237,10487,dog
5238,10492,cat
5239,10494,dog
5240,10495,dog
5241,10496,cat
5242,10497,cat
5243,10501,dog
5244,10504,dog
5245,10505,cat
5246,10506,cat
5247,10507,cat
5248,10509,dog
5249,10512,dog
5250,10513,dog
5251,10518,dog
5252,10521,dog
5253,10522,dog
5254,10523,dog
5255,10524,cat
5256,10525,dog
5257,10527,dog
5258,10528,dog
5259,10529,dog
5260,10533,dog
5261,10534,dog
5262,10535,cat
5263,10538,cat
5264,10539,cat
5265,10541,dog
5266,10542,cat
5267,10543,dog
5268,10544,dog
5269,10545,cat
5270,10547,cat
5271,10548,dog
5272,10549,cat
5273,10552,dog
5274,10555,dog
5275,10556,cat
5276,10557,cat
5277,10558,cat
5278,10560,cat
5279,10562,dog
5280,10566,cat
5281,10568,dog
5282,10573,cat
5283,10574,dog
5284,10577,cat
5285,10581,dog
5286,10586,cat
5287,10587,dog
5288,10589,dog
5289,10590,dog
5290,10591,dog
5291,10592,dog
5292,10593,cat
5293,10594,dog
5294,10596,dog
5295,10601,dog
5296,10603,dog
5297,10604,dog
5298,10605,cat
5299,10607,cat
5300,10612,dog
5301,10614,cat
5302,10619,dog
5303,10620,cat
5304,10623,dog
5305,10625,dog
5306,10626,dog
5307,10630,dog
5308,10631,cat
5309,10632,cat
5310,10635,dog
5311,10636,dog
5312,10637,cat
5313,10638,dog
5314,10640,dog
5315,10641,cat
5316,10645,dog
5317,10646,cat
5318,10647,dog
5319,10649,dog
5320,10652,dog
5321,10653,dog
5322,10657,dog
5323,10660,cat
5324,10661,dog
5325,10662,dog
5326,10663,dog
5327,10664,cat
5328,10669,cat
5329,10670,dog
5330,10672,cat
5331,10673,cat
5332,10674,cat
5333,10675,cat
5334,10678,dog
5335,10679,cat
5336,10682,cat
5337,10683,dog
5338,10684,dog
5339,10692,dog
5340,10693,cat
5341,10694,dog
5342,10695,dog
5343,10696,dog
5344,10697,dog
5345,10699,dog
5346,10701,dog
5347,10707,cat
5348,10708,cat
5349,10709,dog
5350,10711,cat
5351,10712,cat
5352,10713,cat
5353,10714,cat
5354,10717,dog
5355,10720,cat
5356,10722,dog
5357,10723,dog
5358,10724,dog
5359,10726,dog
5360,10727,cat
5361,10729,dog
5362,10730,dog
5363,10731,dog
5364,10733,dog
5365,10734,cat
5366,10735,dog
5367,10736,dog
5368,10738,cat
5369,10739,dog
5370,10743,cat
5371,10746,dog
5372,10747,dog
5373,10749,dog
5374,10750,cat
5375,10751,dog
5376,10755,cat
5377,10758,dog
5378,10759,dog
5379,10760,dog
5380,10762,dog
5381,10766,dog
5382,10770,cat
5383,10772,dog
5384,10774,cat
5385,10775,dog
5386,10777,dog
5387,10779,cat
5388,10780,cat
5389,10781,cat
5390,10782,dog
5391,10789,cat
5392,10793,cat
5393,10796,dog
5394,10797,dog
5395,10798,dog
5396,10799,cat
5397,10800,dog
5398,10804,cat
5399,10810,dog
5400,10812,dog
5401,10813,cat
5402,10814,cat
5403,10821,cat
5404,10827,cat
5405,10828,dog
5406,10831,dog
5407,10832,dog
5408,10833,dog
5409,10835,dog
5410,10837,cat
5411,10839,cat
5412,10840,dog
5413,10841,cat
5414,10842,dog
5415,10843,dog
5416,10845,dog
5417,10847,cat
5418,10849,cat
5419,10850,dog
5420,10853,dog
5421,10856,dog
5422,10857,dog
5423,10858,dog
5424,10860,cat
5425,10863,dog
5426,10864,cat
5427,10866,cat
5428,10869,cat
5429,10871,dog
5430,10872,dog
5431,10874,dog
5432,10875,dog
5433,10881,cat
5434,10884,dog
5435,10885,dog
5436,10887,dog
5437,10890,dog
5438,10891,dog
5439,10892,cat
5440,10893,dog
5441,10894,cat
5442,10897,cat
5443,10900,dog
5444,10901,dog
5445,10903,cat
5446,10905,cat
5447,10907,dog
5448,10908,dog
5449,10912,dog
5450,10913,dog
5451,10915,cat
5452,10916,dog
5453,10919,dog
5454,10920,cat
5455,10921,cat
5456,10923,cat
5457,10925,dog
5458,10927,dog
5459,10930,dog
5460,10936,dog
5461,10937,cat
5462,10939,cat
5463,10940,cat
5464,10945,dog
5465,10949,dog
5466,10950,cat
5467,10951,cat
5468,10953,cat
5469,10954,dog
5470,10957,dog
5471,10959,dog
5472,10962,dog
5473,10966,cat
5474,10967,dog
5475,10968,dog
5476,10969,cat
5477,10972,dog
5478,10974,cat
5479,10975,dog
5480,10976,dog
5481,10979,dog
5482,10980,dog
5483,10981,cat
5484,10982,dog
5485,10984,dog
5486,10986,cat
5487,10988,dog
5488,10990,cat
5489,10995,cat
5490,10999,dog
5491,11003,cat
5492,11004,dog
5493,11005,cat
5494,11010,cat
5495,11011,dog
5496,11012,dog
5497,11013,dog
5498,11014,dog
5499,11015,dog
5500,11018,cat
5501,11019,dog
5502,11021,cat
5503,11023,dog
5504,11025,cat
5505,11026,dog
5506,11027,dog
5507,11028,dog
5508,11029,dog
5509,11033,cat
5510,11034,dog
5511,11036,cat
5512,11040,dog
5513,11041,dog
5514,11042,dog
5515,11044,dog
5516,11045,cat
5517,11048,cat
5518,11050,dog
5519,11051,dog
5520,11053,dog
5521,11054,cat
5522,11055,dog
5523,11061,dog
5524,11063,cat
5525,11064,cat
5526,11066,dog
5527,11069,cat
5528,11072,dog
5529,11075,cat
5530,11079,cat
5531,11080,cat
5532,11082,dog
5533,11083,dog
5534,11086,dog
5535,11088,dog
5536,11089,cat
5537,11092,dog
5538,11093,dog
5539,11094,dog
5540,11101,cat
5541,11103,dog
5542,11104,dog
5543,11109,cat
5544,11110,dog
5545,11112,dog
5546,11113,cat
5547,11117,dog
5548,11118,cat
5549,11119,dog
5550,11121,dog
5551,11122,cat
5552,11124,dog
5553,11125,dog
5554,11127,dog
5555,11131,cat
5556,11134,cat
5557,11136,cat
5558,11137,dog
5559,11138,cat
5560,11139,dog
5561,11142,dog
5562,11143,cat
5563,11144,cat
5564,11145,dog
5565,11147,cat
5566,11148,dog
5567,11149,dog
5568,11150,dog
5569,11151,cat
5570,11152,cat
5571,11153,dog
5572,11156,dog
5573,11158,cat
5574,11159,dog
5575,11162,dog
5576,11168,cat
5577,11170,cat
5578,11173,cat
5579,11176,dog
5580,11182,dog
5581,11186,cat
5582,11188,dog
5583,11192,cat
5584,11193,dog
5585,11195,cat
5586,11197,cat
5587,11198,cat
5588,11200,dog
5589,11201,cat
5590,11202,dog
5591,11203,cat
5592,11206,dog
5593,11215,cat
5594,11216,dog
5595,11218,dog
5596,11219,dog
5597,11220,dog
5598,11221,dog
5599,11223,dog
5600,11224,cat
5601,11225,cat
5602,11228,cat
5603,11232,cat
5604,11233,dog
5605,11236,cat
5606,11240,dog
5607,11243,dog
5608,11244,cat
5609,11246,dog
5610,11247,cat
5611,11248,dog
5612,11249,dog
5613,11252,dog
5614,11253,dog
5615,11254,dog
5616,11255,cat
5617,11259,dog
5618,11261,dog
5619,11264,dog
5620,11267,dog
5621,11270,dog
5622,11271,cat
5623,11272,dog
5624,11274,dog
5625,11275,cat
5626,11276,dog
5627,11277,dog
5628,11279,dog
5629,11281,cat
5630,11284,cat
5631,11286,dog
5632,11287,dog
5633,11289,cat
5634,11290,cat
5635,11291,dog
5636,11293,dog
5637,11296,cat
5638,11297,cat
5639,11300,cat
5640,11302,dog
5641,11304,dog
5642,11305,cat
5643,11306,cat
5644,11309,dog
5645,11310,cat
5646,11311,dog
5647,11312,cat
5648,11315,dog
5649,11319,cat
5650,11321,dog
5651,11322,dog
5652,11324,dog
5653,11325,cat
5654,11328,dog
5655,11330,cat
5656,11334,dog
5657,11335,cat
5658,11337,dog
5659,11339,cat
5660,11342,dog
5661,11343,dog
5662,11344,cat
5663,11345,dog
5664,11346,dog
5665,11349,cat
5666,11353,cat
5667,11356,dog
5668,11357,dog
5669,11360,dog
5670,11361,dog
5671,11364,cat
5672,11368,dog
5673,11370,cat
5674,11371,dog
5675,11373,dog
5676,11375,dog
5677,11378,cat
5678,11379,cat
5679,11380,cat
5680,11381,dog
5681,11383,dog
5682,11384,cat
5683,11388,cat
5684,11389,cat
5685,11391,dog
5686,11394,dog
5687,11395,dog
5688,11396,cat
5689,11398,cat
5690,11399,dog
5691,11402,dog
5692,11404,dog
5693,11406,cat
5694,11407,cat
5695,11409,cat
5696,11412,cat
5697,11414,cat
5698,11415,dog
5699,11416,dog
5700,11417,dog
5701,11419,dog
5702,11420,cat
5703,11421,dog
5704,11422,dog
5705,11424,dog
5706,11425,dog
5707,11427,dog
5708,11428,dog
5709,11430,dog
5710,11432,dog
5711,11433,cat
5712,11434,cat
5713,11435,cat
5714,11441,dog
5715,11442,cat
5716,11445,cat
5717,11446,dog
5718,11449,cat
5719,11450,dog
5720,11451,dog
5721,11453,dog
5722,11458,dog
5723,11459,dog
5724,11461,dog
5725,11463,dog
5726,11464,cat
5727,11465,dog
5728,11466,cat
5729,11467,dog
5730,11471,dog
5731,11472,dog
5732,11473,cat
5733,11475,dog
5734,11478,cat
5735,11479,cat
5736,11481,cat
5737,11482,dog
5738,11484,cat
5739,11487,dog
5740,11493,dog
5741,11494,dog
5742,11495,dog
5743,11497,cat
5744,11499,cat
5745,11502,dog
5746,11504,dog
5747,11509,dog
5748,11510,dog
5749,11512,dog
5750,11514,cat
5751,11516,cat
5752,11518,dog
5753,11527,dog
5754,11528,dog
5755,11530,dog
5756,11531,cat
5757,11532,cat
5758,11533,dog
5759,11534,dog
5760,11535,cat
5761,11537,dog
5762,11538,dog
5763,11539,cat
5764,11541,cat
5765,11544,dog
5766,11545,dog
5767,11546,dog
5768,11547,dog
5769,11548,cat
5770,11549,dog
5771,11550,dog
5772,11555,dog
5773,11557,cat
5774,11559,dog
5775,11562,cat
5776,11563,cat
5777,11564,dog
5778,11565,dog
5779,11567,dog
5780,11569,cat
5781,11576,cat
5782,11579,dog
5783,11580,dog
5784,11583,cat
5785,11584,dog
5786,11588,dog
5787,11589,cat
5788,11591,cat
5789,11599,dog
5790,11600,cat
5791,11601,cat
5792,11602,cat
5793,11605,dog
5794,11606,cat
5795,11607,dog
5796,11611,dog
5797,11616,dog
5798,11619,cat
5799,11622,cat
5800,11623,cat
5801,11624,dog
5802,11633,dog
5803,11634,dog
5804,11636,dog
5805,11637,cat
5806,11638,dog
5807,11642,dog
5808,11643,dog
5809,11646,cat
5810,11648,dog
5811,11650,dog
5812,11651,cat
5813,11653,cat
5814,11655,dog
5815,11657,dog
5816,11660,dog
5817,11661,dog
5818,11663,dog
5819,11667,cat
5820,11668,dog
5821,11671,dog
5822,11674,cat
5823,11675,cat
5824,11676,dog
5825,11682,dog
5826,11683,dog
5827,11684,dog
5828,11687,dog
5829,11688,cat
5830,11693,cat
5831,11694,dog
5832,11695,cat
5833,11696,dog
5834,11698,dog
5835,11702,cat
5836,11704,dog
5837,11708,dog
5838,11709,cat
5839,11711,cat
5840,11714,dog
5841,11716,dog
5842,11717,dog
5843,11718,cat
5844,11719,cat
5845,11721,cat
5846,11723,dog
5847,11724,cat
5848,11727,cat
5849,11728,cat
5850,11732,dog
5851,11735,cat
5852,11742,cat
5853,11747,dog
5854,11748,dog
5855,11749,dog
5856,11750,cat
5857,11751,dog
5858,11753,dog
5859,11754,cat
5860,11756,dog
5861,11758,dog
5862,11759,dog
5863,11762,cat
5864,11763,dog
5865,11764,cat
5866,11765,cat
5867,11766,cat
5868,11770,dog
5869,11771,dog
5870,11772,dog
5871,11773,cat
5872,11775,dog
5873,11778,cat
5874,11782,cat
5875,11783,cat
5876,11786,cat
5877,11793,dog
5878,11794,cat
5879,11795,cat
5880,11798,cat
5881,11801,dog
5882,11802,dog
5883,11803,dog
5884,11804,dog
5885,11805,dog
5886,11806,dog
5887,11807,dog
5888,11808,cat
5889,11810,dog
5890,11813,dog
5891,11815,cat
5892,11816,cat
5893,11817,cat
5894,11818,dog
5895,11820,dog
5896,11821,dog
5897,11822,dog
5898,11823,cat
5899,11827,dog
5900,11828,dog
5901,11834,cat
5902,11836,dog
5903,11838,cat
5904,11841,cat
5905,11847,cat
5906,11848,dog
5907,11850,cat
5908,11852,cat
5909,11856,cat
5910,11861,dog
5911,11863,dog
5912,11866,dog
5913,11870,dog
5914,11872,dog
5915,11873,dog
5916,11874,dog
5917,11875,dog
5918,11877,cat
5919,11879,dog
5920,11880,dog
5921,11882,dog
5922,11883,dog
5923,11884,cat
5924,11885,dog
5925,11886,dog
5926,11890,dog
5927,11891,cat
5928,11893,dog
5929,11894,cat
5930,11897,cat
5931,11898,cat
5932,11899,dog
5933,11900,dog
5934,11902,dog
5935,11904,dog
5936,11905,cat
5937,11908,dog
5938,11909,dog
5939,11911,dog
5940,11914,dog
5941,11916,dog
5942,11917,dog
5943,11918,cat
5944,11920,cat
5945,11922,cat
5946,11923,dog
5947,11926,cat
5948,11927,dog
5949,11928,dog
5950,11930,cat
5951,11932,cat
5952,11935,cat
5953,11937,dog
5954,11939,cat
5955,11943,dog
5956,11945,dog
5957,11950,dog
5958,11956,cat
5959,11961,dog
5960,11963,cat
5961,11968,cat
5962,11969,dog
5963,11973,dog
5964,11976,dog
5965,11977,dog
5966,11982,dog
5967,11983,cat
5968,11986,dog
5969,11987,dog
5970,11988,dog
5971,11990,cat
5972,11991,dog
5973,11992,dog
5974,11993,dog
5975,11995,dog
5976,11996,cat
5977,11997,dog
5978,11998,dog
5979,12000,dog
5980,12001,dog
5981,12003,cat
5982,12004,cat
5983,12005,dog
5984,12006,cat
5985,12010,cat
5986,12011,cat
5987,12012,dog
5988,12013,cat
5989,12014,cat
5990,12017,dog
5991,12020,dog
5992,12021,dog
5993,12022,cat
5994,12026,cat
5995,12027,cat
5996,12029,dog
5997,12031,dog
5998,12034,dog
5999,12035,cat
6000,12042,cat
6001,12046,dog
6002,12048,cat
6003,12049,dog
6004,12050,dog
6005,12051,dog
6006,12052,dog
6007,12055,cat
6008,12056,cat
6009,12057,cat
6010,12058,cat
6011,12060,cat
6012,12062,dog
6013,12064,dog
6014,12066,dog
6015,12067,dog
6016,12068,cat
6017,12069,dog
6018,12072,cat
6019,12075,cat
6020,12076,dog
6021,12077,dog
6022,12082,cat
6023,12083,cat
6024,12085,cat
6025,12086,cat
6026,12090,dog
6027,12091,dog
6028,12095,cat
6029,12097,dog
6030,12098,dog
6031,12102,dog
6032,12103,cat
6033,12105,dog
6034,12106,dog
6035,12107,dog
6036,12108,cat
6037,12116,dog
6038,12117,dog
6039,12118,dog
6040,12119,cat
6041,12120,cat
6042,12121,cat
6043,12124,cat
6044,12125,dog
6045,12126,dog
6046,12127,cat
6047,12131,dog
6048,12133,dog
6049,12134,dog
6050,12135,dog
6051,12136,dog
6052,12137,dog
6053,12139,dog
6054,12141,dog
6055,12142,cat
6056,12144,dog
6057,12147,cat
6058,12150,dog
6059,12152,cat
6060,12153,dog
6061,12154,dog
6062,12155,dog
6063,12157,dog
6064,12158,cat
6065,12160,dog
6066,12163,dog
6067,12164,cat
6068,12167,dog
6069,12168,dog
6070,12172,cat
6071,12174,dog
6072,12175,dog
6073,12176,cat
6074,12178,cat
6075,12179,dog
6076,12180,dog
6077,12185,cat
6078,12188,cat
6079,12189,dog
6080,12191,dog
6081,12194,dog
6082,12195,cat
6083,12196,dog
6084,12197,cat
6085,12198,dog
6086,12199,cat
6087,12200,dog
6088,12203,cat
6089,12205,cat
6090,12206,dog
6091,12207,cat
6092,12208,dog
6093,12209,dog
6094,12211,cat
6095,12214,cat
6096,12217,dog
6097,12222,cat
6098,12224,cat
6099,12226,cat
6100,12227,dog
6101,12229,cat
6102,12233,dog
6103,12235,cat
6104,12236,cat
6105,12238,dog
6106,12240,cat
6107,12242,dog
6108,12243,dog
6109,12244,dog
6110,12246,cat
6111,12250,dog
6112,12251,dog
6113,12252,cat
6114,12254,dog
6115,12255,dog
6116,12256,cat
6117,12257,cat
6118,12259,cat
6119,12261,dog
6120,12262,cat
6121,12267,cat
6122,12268,dog
6123,12270,dog
6124,12272,cat
6125,12273,dog
6126,12275,cat
6127,12276,cat
6128,12277,dog
6129,12278,dog
6130,12282,cat
6131,12285,cat
6132,12286,dog
6133,12289,dog
6134,12290,dog
6135,12292,dog
6136,12295,dog
6137,12296,dog
6138,12298,dog
6139,12299,dog
6140,12302,dog
6141,12303,dog
6142,12304,cat
6143,12307,cat
6144,12309,dog
6145,12313,dog
6146,12314,dog
6147,12317,dog
6148,12318,cat
6149,12319,dog
6150,12320,cat
6151,12321,dog
6152,12323,cat
6153,12324,cat
6154,12325,cat
6155,12329,cat
6156,12330,cat
6157,12332,dog
6158,12333,dog
6159,12334,cat
6160,12335,dog
6161,12336,dog
6162,12339,cat
6163,12341,dog
6164,12342,dog
6165,12343,dog
6166,12345,cat
6167,12346,dog
6168,12347,cat
6169,12348,cat
6170,12350,dog
6171,12352,cat
6172,12354,dog
6173,12355,cat
6174,12356,dog
6175,12357,dog
6176,12360,dog
6177,12362,dog
6178,12365,dog
6179,12367,dog
6180,12369,dog
6181,12371,dog
6182,12375,dog
6183,12378,dog
6184,12380,dog
6185,12381,dog
6186,12384,cat
6187,12386,cat
6188,12387,dog
6189,12390,cat
6190,12391,dog
6191,12392,cat
6192,12393,cat
6193,12395,dog
6194,12397,dog
6195,12399,cat
6196,12401,cat
6197,12404,dog
6198,12406,cat
6199,12407,cat
6200,12408,cat
6201,12409,dog
6202,12412,dog
6203,12414,dog
6204,12417,cat
6205,12418,cat
6206,12420,dog
6207,12421,cat
6208,12422,dog
6209,12425,cat
6210,12426,dog
6211,12427,dog
6212,12428,cat
6213,12429,dog
6214,12430,dog
6215,12433,dog
6216,12434,dog
6217,12436,dog
6218,12438,cat
6219,12440,dog
6220,12441,dog
6221,12446,dog
6222,12447,dog
6223,12448,dog
6224,12449,cat
6225,12451,cat
6226,12453,cat
6227,12455,dog
6228,12457,cat
6229,12458,dog
6230,12459,cat
6231,12461,dog
6232,12465,dog
6233,12468,dog
6234,12469,dog
6235,12470,dog
6236,12471,cat
6237,12472,dog
6238,12473,dog
6239,12476,cat
6240,12477,cat
6241,12479,dog
6242,12480,cat
6243,12485,cat
6244,12487,dog
6245,12488,dog
6246,12492,dog
6247,12493,dog
